Date,Andaman and Nicobar,Andhra Pradesh,Arunachal pradesh,Assam,Average Price,Bihar,Chandigarh,Chhattisgarh,DNH and DD,Delhi,Goa,Gujarat,Haryana,Himachal Pradesh,Jammu and Kashmir,Jharkhand,Karnataka,Kerala,Madhya Pradesh,Maharashtra,Manipur,Maximum Price,Meghalaya,Minimum Price,Mizoram,Modal Price,Nagaland,Odisha,Puducherry,Punjab,Rajasthan,Sikkim,Tamil Nadu,Telangana,Uttar Pradesh,Uttarakhand,West Bengal
,,,,,31.39,,,,,,,,,,,,,,,,,,,,,,,,,,,,,,,,
2023-01-05,,41,,31.63,,25.21,28,33.25,32.33,28,,32,24.67,21,30.33,31.27,40.45,,25.61,36.47,,49,38.3,19,39.8,25,39,36.62,39,22.75,29.57,36.6,42.38,37.4,24.16,26.25,28.5
2023-01-06,,40.4,42,32.9,,25.22,28,31,32.33,28,43,32.17,25.5,21,30,30,40.84,43.57,26.31,36.39,,49,38.1,19,40.67,25,39,35.76,40,24.4,29.16,35.75,42.71,37.2,24.97,26,27.88
2023-01-07,39,41,42,31.92,,25.69,28,31.13,40,28,,34.14,25.67,21,29.5,30.06,41.77,43.43,26.63,36.84,,52,38.8,21,40,25,42.5,38.19,39,24.29,29,36.8,41.91,38.13,25.21,26,29.44
2023-01-08,,39.5,42,31.1,,25.94,30,32.78,37.67,28,43,33,26,21,31,30.47,41.59,43.46,27.22,37.26,,53,38.2,21,39.8,26,40.14,37.71,39,24.5,29.6,35.8,42.81,38.7,25.47,25.75,29.6
2023-01-09,,40.8,42,30.8,,26.27,30,35.86,39.67,28,43,32.8,25.75,21,31.33,31.06,41.72,44.08,27.59,38.32,,59,37.44,21,43,25,40.13,37.7,,23.82,29.5,35.8,44.17,38.6,25.66,26.25,29.7
2023-01-10,,41.67,42,31,,26.96,30,36.29,39.67,28,,32.67,26.75,21,33,31.15,42.47,,28.14,38.05,,52,36.33,21,40,27,,38,41,24.67,28.67,36,43.48,40,25.7,23.5,27.33
2023-01-11,,43.25,,30.82,,27.19,32,36.13,40.33,30,44.5,34.5,26.75,21,33.25,31.61,43.13,44.43,28.15,39.58,,58,38.22,21,41.67,28,41.88,38.13,41,24.85,29.54,35.8,44.62,39.9,26.2,25.75,29.7
2023-01-12,,43.6,42,31.43,,28.03,32,36.67,41,30,44.5,35.33,28,21,36.4,31.28,44,45.46,28.74,40.26,,58,39.43,21,42.44,28,42.25,37.33,,25.47,29.36,35.8,44.91,40.9,26.5,27.75,29.22
2023-02-05,,40.6,42,31.75,,25.14,28,31.75,32.67,28,43,32.33,25,21,32,30.44,40.5,44.36,25.62,36.42,,51,38.11,19,40.67,25,38.33,36.88,39,23.86,29.5,36.6,42.18,37.4,24.12,26.25,28.7
2023-02-06,40,40.4,42,32,,25.3,28,31.38,32.33,28,43,32.86,25.5,21,29.25,29.82,40.94,43.93,26.25,36.63,,49,37.8,19,40.67,25,39,36.42,40,24.75,29.59,35.8,42.79,38,24.97,26.33,29.1
2023-02-07,39,40.67,42,31.67,,25.62,28,32.83,40,28,,33.33,25.67,21,37,30.43,41.52,,26.57,36.89,,50,39,21,40,25,,36.75,,23.25,29.22,34,42.73,36,25.27,,29.5
2023-02-08,,39.67,42,31.27,,25.88,30,33.25,37,28,43,33,26,21,30,30.65,41.43,43.64,27.42,37.26,,51,38.2,21,40.8,26,40.14,38.06,39,24.4,29.68,35.8,42.95,39.1,25.42,25.75,29.22
2023-02-09,,40.8,42,31.44,,26.25,30,33.6,39.67,28,,32.8,25.75,21,31.33,30.94,41.67,44.31,27.23,38.21,,51,38.57,21,37.5,28,40.13,37.72,,24.25,28.63,35.8,43.6,39,25.57,26.25,29.44
2023-02-10,,41.6,,31.25,,26.96,30,36.5,39.67,28,,32.5,26.75,21,33,30.8,42.55,,27.35,38.11,,54,38.43,21,38.75,27,41.63,38.11,41,24.54,29,36,44.3,36,25.53,23.5,28.5
2023-02-11,,42.6,42,30.82,,27.21,32,35.11,40.33,30,44.5,34.43,26.75,21,33.33,31.94,43.13,44.64,28.15,40.12,,58,38.22,21,41.43,28,41.88,38.69,41,25.08,29.57,35.8,44.57,39.7,26.24,26,29.11
2023-02-12,,44.2,42,31.29,,27.88,32,38,41,30,,35.33,28,21,35.33,31.33,43.97,45.5,28.45,40.26,,58,39.43,21,37.5,28,42.57,37.31,42,25.43,28.88,35.8,44.68,40.9,26.47,27.25,29.11
2023-03-05,,40.75,,31.83,,25.05,28,34.57,32.67,28,43,34.14,25.75,21,29.25,30.33,40.5,44.58,25.82,36.53,,51,38.67,20,40.67,25,40,36.94,39,24.67,29.19,36.6,42.56,37.4,24.01,26.25,28.7
2023-03-06,40,40.4,42,32.55,,25.33,28,33.86,40,28,,32.71,25.75,21,29.25,29.59,41.03,43.64,26.32,36.63,,49,38,21,40,25,39,36.42,,25.33,28.7,36.4,42.73,37.7,24.92,25.75,28.83
2023-03-07,39,40.4,42,31.83,,25.67,29,31.13,32,28,43,34.14,25.75,21,29.5,30.11,41.44,43.69,26.62,36.95,,57,38.3,20,40.8,25,43.13,37.44,39,25,29.52,36,43.11,38.8,25.21,26,29.7
2023-03-08,,39.75,42,31.1,,26,30,32.89,37.33,28,43,33.17,26.25,21,30,30.5,41.77,43.64,27.14,37.26,,53,38.1,21,40.67,26,40.17,37.61,39,24.4,29.77,35.8,42.9,39.2,25.42,25.75,29.8
2023-03-09,,40.8,,31.5,,26.32,30,35.29,39.67,28,,32.67,26,21,39,29.5,41.58,,27.51,38.26,,51,36.67,21,40,28,,37.6,39,24.27,29.33,36,43.52,39.5,25.62,25,28.57
2023-03-10,,42,42,30.7,,26.72,30,36,39.33,28,44.5,32.33,26.75,21,31.67,31.39,42.69,44.36,27.52,38.21,,58,38.67,21,42.33,28,41.63,37.84,41,24.67,29.59,35.8,44.32,39.1,25.85,25.75,29.33
2023-03-11,,43,42,31,,27.25,32,35.11,40.33,30,44.5,34.83,26.75,21,33.33,31.06,43.19,44.85,28.38,39.47,,58,38.22,21,41.67,28,41.88,38.35,41,24.92,29.86,35.8,44.71,40.1,26.27,26,29.7
2023-03-12,,44.33,42,31.86,,27.8,32,39.5,41,30,,37.25,28,21,45,31.5,44,,28.87,40.26,,54,37.5,21,37.5,28,,38.25,,25.77,27,34,44.13,37.33,26.38,27,28.29
2023-04-05,,40.6,,32.55,,25.16,28,33.78,32.67,28,43,32.86,25.5,21,29.25,30.33,40.52,44.31,25.53,36.53,,51,38.3,19,40.67,25,40,36.88,39,23.86,29.2,36.6,42.65,37.5,23.98,25.33,28.67
2023-04-06,40,40.5,,32.78,,25,28,33.83,,28,,32,25.33,21,30.5,29.36,40.92,,26.19,36.63,,48,36.5,21,40,24,,37.7,40,24.8,28.29,34,41.92,36,25,24,28.83
2023-04-07,39,40.4,42,31.5,,25.73,29,32.63,38,28,43,33.33,25.75,21,29.5,30.28,41.56,43.62,26.7,36.89,,57,38.3,21,40.67,25,42.25,37,39,25,29.78,35.8,43.29,38.8,25.22,26,29.9
2023-04-08,,39.75,42,31.11,,26.03,30,33.11,38,28,42,32.71,26,21,30,30.59,41.53,43.64,27.09,37.42,,51,37.8,21,40.83,25,39.67,37.28,,24.4,29.73,35.8,43.09,38.8,25.46,25.75,29.8
2023-04-09,,40.8,42,31.9,,26.29,30,34.25,38.67,28,43.5,33,25.75,21,31.33,31.17,41.66,43.92,27.53,38.26,,51,38.78,21,43.38,26,40.13,38.06,39,24.29,29.48,35.8,43.74,39,25.73,26,29.7
2023-04-10,,42,42,30.64,,26.56,30,35.33,39,28,44.5,32.29,26.33,21,32.25,31.39,42.72,44.08,27.82,38.21,,58,38.56,21,42.33,33.5,41.63,38,39,24.64,29.73,35.8,44.57,39.1,25.82,25.75,29.3
2023-04-11,,43.75,42,31,,27.17,32,36.86,40.33,30,,34.14,27,21,32,31.5,43.19,44.69,28.28,39.47,,54,37.83,21,37.5,28,41.88,37.79,41,24.92,28.25,35.75,44.13,39.9,26.21,26.25,29.11
2023-04-12,,44.4,42,31.33,,27.97,32,35.13,40.67,30,,35.67,28,21,35.33,31.17,44.31,45.08,28.68,40.21,,58,39.25,21,42.13,28,42.25,36.75,42,25.53,29.42,35.8,44.94,41,26.56,26,29.7
2023-04-13,40,41,42,31.78,,25.97,28,32.33,32,29,42.5,31.5,25.75,21,30.33,31.07,40.72,44.36,25.73,37.26,,51,38.78,19,40.67,28,38.75,36.81,39,24.11,29.11,36.6,43,37.3,24.41,27,28.3
2023-04-14,,41.25,42,32.14,,25.92,28,35.67,39,29,,30.4,25.75,21,,30.62,40.68,,25.61,37.11,,50,38.4,21,40,22.5,38.33,37.11,39,22.2,28.5,35.5,42.42,36.25,24.49,26.5,26.29
2023-04-15,40,41.25,,32.14,,25.81,28,34,,29,,31.25,25.75,21,29.25,31.31,40.72,,25.83,36.89,,50,39.2,21,,24,38.75,36.93,39,24,28.8,36,42.42,37.3,24.35,27,25.83
2023-04-16,,41.25,,32.67,,26.09,28,34.2,,29,,32,24,21,,31,40.76,,25.88,36.89,,50,37.5,21,,24,,36.9,39,25,28.91,32,42.18,38.33,24.56,25,27.6
2023-04-17,40,41,,31.2,,25.86,29,33.13,32,29,42.5,30.75,25.75,21,29.25,31.67,40.68,45.15,25.55,36.79,,51,38.4,19,40.67,23,38.75,37.21,39,24.14,29.6,36.6,43.06,37.4,24.28,26.75,28.4
2023-04-18,40,41.2,,32,,25.76,29,32.67,32,29,42.5,32.2,25.75,21,,31.38,40.63,44.5,25.5,36.79,,51,37.67,19,40.67,25,38.33,37.06,39,25,29.41,36.75,42.78,37.1,24.23,26.67,28.4
2023-04-19,40,41.2,,31.92,,25.68,29,33,32,28,42.5,31.17,26,21,30,31.12,40.75,44.43,25.77,36.74,,51,38,19,40.67,25,39,37.08,39,24.33,29.34,36.6,42.82,37.1,24.21,26.75,28.4
2023-04-20,40,41.2,,32.89,,25.71,29,33,32,28,42.5,31.17,25.75,21,29.25,30.65,40.9,44.43,25.65,36.68,,51,37.67,19,40.67,25,38.75,37.07,39,24.14,29.35,36.6,42.61,37.3,24.28,26.75,28.4
2023-04-21,40,41.2,,32.36,,25.71,29,32.89,32,28,42.5,31.17,25.5,21,,30.67,40.72,,25.69,36.68,30,50,37.5,19,40.67,25,38.75,37.13,39,24.14,29.32,36.6,42.5,37.3,24.21,26.25,27.63
2023-04-22,40,42,42,32.78,,25.96,29,32,39,28,,31.5,25.5,21,,31,40.59,,25.79,36.84,,50,39.4,20,,25,37.5,37,39,24.25,28.38,35.5,41.91,35.75,24.2,26,27.13
2023-04-23,,41.5,42,31.78,,25.8,29,33.33,,28,,31.5,25.75,21,,30.5,40.45,,26,36.79,,50,38,20,,25,,37.63,,22.5,28,32,42,35.75,24.3,25,28
2023-04-24,40,41.6,,31.09,,25.73,29,33,32,28,42,31.17,26,21,30,30.72,40.59,44.43,25.79,36.67,30,51,38.3,19,39.8,25,38.75,37.31,39,25,28.83,36.6,42.5,37.4,24.27,26.25,28.22
2023-04-25,,41.2,,31.67,,25.68,29,33.33,29.5,28,42.5,29.5,25.5,21,29.25,30.83,40.8,44.23,26.13,36.58,,51,38.67,19,40.67,25,39,37.56,39,23.8,29.13,36.6,42.61,37.3,24.27,26.67,28.2
2023-04-26,,41.2,,31.64,,25.71,29,33,29.5,28,44,31.17,25.75,21,29.25,30.89,40.63,44.36,25.63,36.47,,51,38.3,19,40.67,24,38.33,37.31,39,25,29.57,35.75,42.53,37.2,24.22,26.25,28.4
2023-04-27,,41.2,,31.82,,25.68,29,31.88,32,28,42.5,31.5,25.75,21,30.33,30.72,40.61,44.5,25.63,36.47,,51,38.3,19,40.67,25,38.75,37.29,39,24.67,29.14,36.6,42.56,37.4,24.16,26.25,27.67
2023-04-28,,41.25,42,31,,25.53,29,34.25,32.33,28,42.5,34.33,25.75,21,30.33,30.61,40.58,44.43,25.74,36.42,,51,38.67,19,40.67,25,38.33,37.35,39,24.43,29.53,36.75,42.69,37.4,24.14,26.25,28.11
2023-04-29,,41,,31.9,,25.46,28,33.71,40,28,,31.83,25,21,30.67,30.82,40.45,44.43,25.77,36.53,,51,39.75,20,,24,38.75,37.18,,25.4,28.5,36.6,42.09,37.3,24.13,26.25,28.33
2023-04-30,,40.75,,32.67,,25.32,28,34.4,,28,,32,25.25,21,,31.1,40.52,,26.04,36.53,,49,37.5,21,,23,,37.13,39,22.5,29.4,32,42.33,37.67,24.1,25,25
2023-05-05,,40.4,,32.55,,25,28,34.17,32.67,28,43,32.86,25.75,21,,30.4,40.56,44.92,25.76,36.53,,52,38.3,20,40,25,40,36.54,39,24,29.13,35.75,42.57,37.7,24.24,26.25,29.13
2023-05-06,40,40.4,42,32.7,,25.16,28,31.38,32.33,28,43,33.33,25.5,21,29.25,29.71,41.03,43.57,26.78,36.74,,50,38,19,40.67,25,40.5,36.63,40,24.89,29.54,37,42.65,37.1,25.07,24.33,29.2
2023-05-07,39,40.6,42,31.09,,25.84,30,32.56,29.5,28,43,34.43,25.75,21,31.5,30.22,41.63,43.36,26.51,37,,60,38.3,20,40.67,25,42.63,36.95,39,24.78,30.04,35.8,42.94,38.6,25.24,26.25,30.2
2023-05-08,,41.5,42,31.36,,26.14,30,35,38.33,28,,32.71,26,21,30.5,30.44,41.61,43.31,26.82,38,,51,38,21,,25,40.14,37.47,,24.11,29.1,35.8,43,38.7,25.44,25.75,29.56
2023-05-09,,40.8,42,30.89,,26.31,30,33.44,38.67,28,43.5,33,26.25,21,31.33,31.47,41.81,43.64,27.41,38.21,,59,38.56,21,44.29,25,40.13,37.89,39,24.15,29.69,35.8,44.61,38.4,25.72,26.25,29.7
2023-05-10,,41.8,42,30.64,,26.91,32,35.67,39,28,44.5,32.57,26.75,21,31.67,31.39,42.72,44.42,27.87,38.32,,58,38.56,21,42.44,28,41.86,37.71,39,24.62,29.18,35.75,44.34,39.2,25.84,25.75,29.3
2023-05-11,,43.5,42,31.5,,27.23,32,36,40,30,,36.5,27,21,26,31.07,43.06,,28.4,39.47,,54,36.25,21,37.5,28,,38.25,42,24.8,28.63,34,44.04,40.5,26.25,25,29.14
2023-05-12,,44.4,42,31.22,,27.69,32,36.44,40.67,30,44.5,35.17,27.33,21,35.25,30.4,44.35,44.85,28.66,40.16,,58,39.44,21,42.44,28,42.25,37.22,42,25.53,29.84,36,44.66,41,26.54,27.5,29.7
2023-05-13,,40.5,42,32.56,,25.11,28,32.67,,28,,32.8,25.5,21,29,30.28,40.79,,26.17,36.53,,49,39.13,20,40,25.5,40,37.36,39,24.6,28.22,35.67,42.33,36,24.15,24,28.67
2023-05-14,,40.5,,32.9,,24.97,28,33.8,41,28,,33.5,25.25,21,35,31.08,40.5,,26,36.17,,49,37.5,21,40,26,,37.5,39,24,28.5,34,42.22,35.75,24.17,24,26.8
2023-05-15,,40.4,42,32,,25.14,28,31.75,32.67,28,43,32.71,25.75,21,29,30.39,40.53,44.75,25.65,36.72,,50,38.3,20,40.67,25,40,37,39,23.5,29.57,35.75,42.63,37.4,24.31,24.67,28.9
2023-05-16,,40.4,42,33.17,,25.22,28,33.22,32.67,28,43,32.71,25.5,21,29,30.33,40.77,44.21,25.5,36.42,,50,38.67,20,39.8,26,40,37,39,24.56,29,35.67,42.65,37.3,24.32,26.67,29
2023-05-17,,40.4,42,32.69,,25.32,28,33,32.33,28,43,32.71,25.25,21,29,30.28,40.59,44.14,25.72,36.58,,50,38.3,20,40.67,24.5,40,36.94,40,24.3,29.16,36.6,42.8,37.4,24.31,26,28.9
2023-05-18,,40.4,42,32.62,,25.29,28,33.22,32.33,28,43,33,25.25,21,29,30.71,40.61,44,25.41,36.53,,50,38.67,20,40.67,23,40,36.75,40,24.3,29.19,36.6,42.86,37.5,24.41,26,28.9
2023-05-19,,39.25,,32.62,,25.34,28,31.5,32.33,28,43,33.14,25.25,21,29,30.12,40.87,43.31,25.53,36.58,,49,38.3,20,40.67,26,40,36.86,40,24.11,29.17,36.6,42.76,37.4,24.42,26,27.89
2023-05-20,,40.4,42,32.62,,25.27,28,30.57,40,28,,33,25,21,29,30.28,40.88,44.08,25.55,36.58,,50,40,20,40,26,40,36.81,40,24.43,28.11,36.6,42.27,37.5,24.37,26,28.25
2023-05-21,,40.4,42,31.5,,25.3,28,33.67,40,28,,34.25,25.5,21,35,31.08,40.6,,25.43,36.58,,49,37.5,21,40,23,,37.4,40,23.5,28.2,34,42.75,35.75,24.38,24,28.67
2023-05-22,,40.4,42,33.36,,25.26,28,30.57,32.33,28,43,33.43,25.25,21,29,30.41,40.94,43.54,25.47,36.58,,49,39.14,20,40.67,26,40,36.64,40,24.22,29.1,36.6,42.54,37.4,24.45,26,28.78
2023-05-23,,40.4,42,32.92,,25.32,28,33.33,40,28,43,33.2,25.5,21,29,30.12,40.87,43.79,25.47,37.25,,49,37.38,20,40.67,26,40,36.65,40,24,29.3,36.6,42.88,38.33,24.54,26,28.78
2023-05-24,,40.4,42,32.77,,25.38,28,31.5,40,28,43,32.86,25.25,21,29,30.28,40.6,43.93,25.61,36.68,,49,38.22,20,39.8,26,40,36.65,,23.78,29.03,36,42.59,37.5,24.57,26,28.9
2023-05-25,,40.4,,33.17,,25.49,28,31.5,32.33,28,43,33,25.5,21,29,30.11,40.78,44.08,25.56,36.53,,49,38.75,20,40.67,26,40,36.53,40,24.2,29,35.8,42.43,37.5,24.61,25.75,29
2023-05-26,,40.4,42,33.25,,25.49,28,32.38,32.33,28,43,33.14,25,21,29.25,29.94,40.94,43.86,25.86,36.67,,49,38.22,19,40.67,26,40,36.44,40,24.4,29.23,35.8,42.76,37.5,24.68,25.75,29.2
2023-05-27,,38.33,,31.8,,25.42,28,33.14,32.33,28,,34,25.5,21,29.25,29.71,40.83,43.79,25.65,36.58,,49,39.17,20,40,25,40,36.63,,24,29.25,35.75,42.54,37.6,24.71,26,28
2023-05-28,,39,,32.8,,24.96,28,33.67,40,28,,32.33,25.33,21,30.5,30.33,40.56,,26.23,36.63,,48,38.33,21,40,25,,37.25,40,24.25,28.8,34,42.3,36,24.89,24,28.4
2023-05-29,,40.4,42,32,,25.47,28,35.86,32.33,28,43,33.29,25,21,29.25,29.88,40.88,43.57,25.97,36.63,,49,38,20,40.67,25,40,36.53,40,24.4,29.13,35.8,42.59,37.3,24.85,26,28.78
2023-05-30,,40.4,42,32,,25.46,28,31.86,32.33,28,43,32.71,25.5,21,29.25,29.71,40.84,43.08,25.97,36.58,,49,38,19,41,25,40,36.47,40,24.4,29.24,35.8,42.61,37.1,24.97,25.75,29.1
2023-05-31,,40.4,42,32,,25.32,28,32.13,32.33,28,43,32.71,25.33,21,30,30.06,40.81,43.23,25.82,36.39,,49,38.22,19,41,25,39.5,36.44,40,24.4,29.57,35.75,42.72,37.1,24.93,26,29.78
2023-06-05,,40.4,,31.82,,25.11,28,31.43,41,28,,32.71,25.75,21,29.25,30,40.56,44.5,25.59,36.58,,51,39.8,19,,25,40,37.13,39,23.8,28.7,35.75,42.33,37.5,24.13,26.5,27.5
2023-06-06,40,40.4,42,32,,25.37,28,31.86,32.33,28,43,32.86,25.75,21,30.33,30.11,40.94,43.85,26.6,36.79,,50,38.4,19,40.67,28,40.5,36.63,,24.67,29.33,36.8,42.7,37.1,25.05,25.75,29.2
2023-06-07,39,40.6,42,31,,25.72,29,33.75,29.5,28,43,34.5,26,21,30.33,30.06,41.72,43.62,26.43,36.89,,60,38.3,20,40,25,42.57,36.78,39,25.11,29.79,35.8,43.24,38.6,25.24,26,30.3
2023-06-08,,42,42,31,,25.97,30,34.33,38.33,28,,33.25,26,21,26,30.5,41.45,,27.18,37.58,,51,36.67,21,,26,,37.44,,24.25,27.75,36,43.44,36,25.37,23.5,28.86
2023-06-09,,40.8,42,31.78,,25.75,30,33.78,38.67,28,43.5,32.67,26,21,30.8,31.39,41.84,,27.6,38.26,,51,38.56,21,42.44,25,40.13,37.6,39,24.36,29.16,35.8,43.88,38.33,25.72,26.25,29.44
2023-06-10,,42.25,42,30.89,,27.06,32,35.89,39,28,44.5,32.57,26.67,21,31.67,31.39,42.66,45,27.7,38.37,,58,38.67,21,42.44,28,41.63,37.94,,24.5,29.04,35.8,44.24,39.2,25.82,26.33,28.56
2023-06-11,,43.5,,30.91,,27.27,32,35.11,40.33,30,44.5,34.29,28,21,33.33,31.5,43.19,45,28.52,39.47,,58,38,21,40.71,28,41.88,37.79,41,25.08,29.45,35.8,44.38,39.9,26.25,26.25,29.7
2023-06-12,,44.2,42,30.5,,27.77,32,36.44,41,30,44.5,34.17,28,21,40,31.28,44.16,45.14,28.57,40.26,,58,39,21,42.44,28,42.25,37.33,,25.53,29.77,35.8,44.7,40.8,26.55,27.75,29.7
2023-06-13,40,40.4,42,32.08,,25.56,28,31.38,32.33,28,43,32.33,25.5,21,30.33,30.11,41.41,43.92,26.34,36.84,,50,38.1,20,40.67,25,40.38,36.71,40,24.6,29.35,36.8,42.9,37,25.15,25.75,29.2
2023-06-14,40,40.2,42,31.73,,25.5,28,31.5,32.33,28,43,32.5,25.75,21,29.25,30.11,41.58,43.64,26.36,36.84,,50,37.9,20,40.67,25,40.38,37.5,40,24.73,29.57,36.8,42.84,36.22,25.01,25.75,28.25
2023-06-15,40,40.6,42,32.1,,25.49,28,32.29,32.33,28,43,32.5,25.75,21,29.25,30.06,41.5,43.23,26.1,36.84,,50,37.7,20,40,25,40.38,37.4,,24.64,29.64,36.8,42.7,37,24.96,25.75,29.1
2023-06-16,40,40.6,42,31.45,,25.51,28,31.75,32.33,28,43.5,32.2,25.5,21,29.25,30.11,41.31,44.08,26.27,37.11,,50,37.7,20,40.67,25,40.38,36.53,40,24.82,29.72,36.8,42.67,37.1,25.01,25.75,29.44
2023-06-17,40,40.6,42,31.45,,25.56,28,31.67,40,28,,32.5,25.75,21,30,30.06,41.34,43.85,25.89,36.79,,50,37.89,21,40,25,40.38,36.83,,24.67,29.64,36.8,42.6,37.1,24.9,25.75,28.63
2023-06-18,40,40.25,42,31.88,,25.81,28,34.17,40,28,,33.33,25.33,21,35,29.55,41.72,,26.21,36.79,,48,36.33,21,40,25,,37.78,40,23.5,27.67,34,42.5,36,24.95,24,28.83
2023-06-19,40,40.2,42,31.45,,25.49,28,32.14,32.33,28,43,33,25.5,21,29.25,30.12,41.44,43.57,26.3,36.74,,50,38,20,39.8,25,40.38,36.78,40,24.3,29.53,36.8,42.78,37.4,25,26,28.33
2023-06-20,40,40.2,42,31,,25.64,28,31.25,32.33,28,43,33,25.5,21,29.25,30,41.47,43.57,26.29,36.79,,50,38.1,20,40.67,25,40.38,37.22,40,24.75,29.36,36.8,42.79,37.4,25.03,25.75,28.75
2023-06-21,40,40.2,42,31.8,,25.58,28,31.13,32.33,28,43,32.67,25.5,21,29.25,30.11,41.41,43.71,26.24,36.84,,51,38.1,20,40.67,25,40.38,36.68,40,24.8,29.67,36.8,42.74,39.25,25.07,25.75,29.56
2023-06-22,40,40.2,42,31.6,,25.41,28,31.13,32.33,28,43,33.57,25.67,21,29.25,30.18,41.38,43.71,26.07,36.74,,51,38,20,40.67,25,40.38,36.76,40,24.88,29.42,36.8,42.84,37.9,25.08,25.75,29.4
2023-06-23,40,40.2,42,31.9,,25.53,28,31,32.33,28,43,33,25.5,21,29,30.06,41.38,43.77,26.26,36.74,,51,38.2,20,40.67,25,40.38,37.53,40,25,29.66,36.8,42.95,38.5,25.08,25.75,29.4
2023-06-24,40,40.2,42,31.89,,25.5,28,33,40,28,,33.17,25.33,21,29.67,30.11,41.5,44.17,26.14,36.74,,51,38.5,21,40,25,40.38,36,,24,29.45,37,42.56,38.6,25,26,29.22
2023-06-25,39,38.5,42,33.1,,25.48,28,33,,28,,34.25,25.5,21,30.5,29.7,41.38,,26.03,36.74,,50,36.67,21,40,25,,37.75,,23.75,29.29,34,42.33,36,25.05,24,29
2023-06-26,39,40.25,42,32.33,,25.51,28,30.67,32.33,28,43,33.71,25.5,21,29.67,30.24,41.41,43.38,26.19,36.84,,51,38.3,20,40.67,40,40.38,36.76,,24.6,29.96,36.8,42.95,38.8,25.12,25.75,29.56
2023-06-27,39,40.2,42,32.18,,25.58,28,30.43,32.33,28,43,33.86,25.5,21,29,29.88,41.56,43.57,26.28,36.84,,51,38.4,20,40.67,25,40.75,36.82,40,24.91,29.59,36.8,42.9,39,25.1,26.67,29.4
2023-06-28,39,40.2,42,32.27,,25.62,28,30.57,32.67,28,43,34,25.5,21,29,29.82,41.69,,26.59,36.84,,50,38.4,20,40.67,25,41,36.53,,24.44,29.47,36.8,42.67,39.3,25.18,26.67,29.4
2023-06-29,39,40.67,42,34,,25.5,28,30,32.33,28,,32.5,25.67,21,,30.73,41.83,,26.49,36.84,,50,38.86,20,40,25,41.5,36,,23.5,29.88,36.8,42.67,36,25.09,25,28.86
2023-06-30,39,41,42,32.5,,25.76,28,31,32.33,28,43,34,25.75,21,,30.5,41.66,43.38,26.66,36.89,,50,38.2,20,40,25,42.29,37.12,40,25,29.59,37,42.53,38.8,25.16,26.67,29.4
2023-07-05,,40.4,,33.44,,25.25,28,33.4,,28,,34,25.75,21,26,30.6,40.59,,26.52,36.72,,49,37.5,21,,24,,37.78,39,22,27.5,32,42.11,35.75,24.12,24.5,28.67
2023-07-06,40,40.5,42,32.27,,25.28,28,33.11,32.33,28,43,32.86,25.5,21,29.25,30.06,40.9,43.57,26.05,36.95,,50,38.3,19,40.67,25,40.38,36.63,40,24.8,29.4,36.8,42.65,37.2,25.05,25.75,28.89
2023-07-07,39,40.6,42,31.89,,25.76,29,32.17,37.5,28,43,34.29,25.75,21,29.5,30.47,41.71,43.29,26.64,37.11,,60,38.3,21,40.67,25,42.63,36.95,39,24.6,29.09,35.8,43.12,38.6,25.23,26.33,31
2023-07-08,,41.2,42,31.36,,25.97,30,33.11,38.67,28,43,32.71,26,21,31,30.56,41.71,43.15,27.11,37.63,,51,37.8,21,40.57,25,40.14,37.53,39,24.3,29.84,35.8,43.27,38.7,25.49,26,29.7
2023-07-09,,40.8,42,30.8,,26.33,30,32,40,28,43.5,32.67,26,21,32.67,31.43,42.13,43.71,27.4,38.26,,59,38.75,21,42.44,29.75,40.13,37.61,39,24.08,29,35.8,44.45,36.33,25.39,23.5,29.7
2023-07-10,,41.8,42,30.64,,26.56,32,37.57,39,28,,32.57,26.75,21,32,31.39,42.69,44.07,27.69,38.37,,54,38.75,21,37.5,28,41.86,37.72,39,24.64,28.18,35.75,43.59,39.3,25.65,25.5,28.25
2023-07-11,,43,42,30.91,,27.22,32,35.33,40.33,30,44.5,34.38,26.33,21,31.75,31.5,43.44,44.79,28.41,39.47,,58,37.63,21,41.67,28,41.88,37.89,,25.27,29.59,35.8,44.32,40.1,26.3,26.75,29.7
2023-07-12,,44.2,42,31.22,,27.86,32,36.5,41,30,44.5,35,28,21,35.33,31.71,44.28,45.07,28.45,40.32,,54,38.89,21,41.71,28,42.25,36.78,41,25.47,29.53,35.8,44.12,40.9,26.42,27.25,29.11
2023-07-13,39,40.4,42,31.44,,26.09,29,32.25,39.67,28,43,33.57,25.75,21,30.67,30.44,41.71,43.36,26.86,36.83,,60,38.67,21,40.8,25,42.63,36.69,39,25,30.32,35.75,43.63,39,25.32,26.33,30.22
2023-07-14,40,40.4,42,31.8,,25.89,,33.13,38.67,28,43,33.57,25.75,21,32,30.56,41.66,43.5,26.71,36.68,,60,38.67,21,40.67,25,42.63,37.32,39,24.7,30.04,35.8,43.15,39.1,25.42,26,29.8
2023-07-15,39,40.4,,31.36,,25.81,29,34.71,38.67,28,,33.57,26,21,30.67,30.61,41.75,43.5,26.76,36.68,,60,38.63,21,,25,42.63,37.25,39,24.7,30.13,35.75,43.19,38.7,25.28,26,29
2023-07-16,39,39.33,42,31.5,,26.04,,34.71,38.67,28,,32,26.67,21,32,30.82,41.59,,26.29,36.68,,53,37,21,40,25,,37.22,,24.57,29.38,34,43.06,36,25.25,,29.14
2023-07-17,40,40.4,42,31.67,,25.86,30,32.67,38,28,43,33.57,26,21,30.67,30.67,41.66,,26.76,36.74,,60,38.86,21,40.67,25,42.63,37.17,39,24.56,29.68,35.8,42.9,36,25.39,,29.6
2023-07-18,39,40.5,42,31.36,,26.03,30,32.33,37.33,28,43,33.57,26,21,29.75,30.61,41.8,,26.98,36.74,,60,38.5,21,40.67,26,43,37.25,39,24.82,29.71,35.8,43.36,38.8,25.45,26,29.9
2023-07-19,39,39.5,42,31.27,,25.84,30,32.89,37,28,43,33.71,26,21,29.75,30.5,41.13,43.64,26.81,36.74,,60,38.4,21,41,25,42.63,37.11,39,24.7,29.93,35.8,43.14,39.1,25.47,25.75,29.22
2023-07-20,39,40.4,,31.27,,25.83,30,32.56,37,28,43,33.71,26,21,29.75,30.56,41.5,43.85,26.98,36.74,,60,38.56,21,40.67,25,42.63,37.25,,24.5,29.77,35.8,43.1,38.7,25.55,25.75,29
2023-07-21,39,40.4,42,31.8,,25.82,30,32.38,37,28,43,34.5,26,21,29.75,30.71,41.48,43.83,26.98,36.79,,60,38.3,21,40.67,25,42.63,37.06,39,24.5,29.93,35.8,42.95,38.5,25.55,26,29.9
2023-07-22,39,39.5,42,31.22,,25.89,30,32.63,36.67,28,,34.4,26,21,29.75,30.61,41.23,43.5,26.71,36.84,,60,38.83,21,40,25,42.63,37.5,39,24.44,28.5,35.75,43.21,38.5,25.35,25.75,29.78
2023-07-23,,39.33,42,31.89,,25.96,30,33.5,36.67,28,,32.67,26,21,32,30.25,41.45,,26.57,36.84,,53,37,21,40,25,,37.56,39,23,28.82,34,43.29,36.33,25.34,,29.14
2023-07-24,39,40.8,42,31.36,,25.83,30,33,36.67,28,43,33.71,26.25,21,30.67,30.76,41.17,43.5,26.93,36.95,,60,38.5,21,39.8,25,42.63,37.25,39,24.4,29.59,35.8,43.14,39,25.54,26,29.9
2023-07-25,39,40.8,42,31.1,,25.87,30,32.44,36.67,28,43,33.57,26,21,29.75,30.76,41.5,43.5,27.02,37.05,,60,38.4,21,39.75,25,42.63,37.33,39,24.4,29.44,35.8,42.86,39.1,25.55,26,30
2023-07-26,39,39.5,42,31.27,,25.81,30,32.63,37,28,43,34.2,26.25,21,30.67,30.67,41.53,43.5,26.91,37.11,,52,38.5,21,39.75,25,40.14,37.44,39,24.4,29.73,36,42.75,38.7,25.54,26,29.9
2023-07-27,39,39.5,,31.27,,25.78,30,33.29,37,28,43,33.43,26,21,31,30.67,41.31,44,27.18,37.37,,51,38.3,21,39.75,25,40.14,37.94,39,24.5,29.79,35.8,42.76,38.89,25.55,25.75,29.33
2023-07-28,,39.5,42,30.6,,25.79,30,32.44,37,28,43,33.5,26,21,30,30.71,41.4,,27.12,37.47,,53,38.3,21,39.75,25,40.17,37.47,39,24.5,29.65,37,42.86,38.78,25.5,25.75,29.9
2023-07-29,,39.5,42,31.27,,25.7,30,34.29,37,28,,33.25,26,21,32.5,31.07,41.59,43.92,27.02,37.47,,53,38.33,21,40,25,40.14,37.3,38,24.44,28.33,35.8,42.74,34.5,25.42,23.5,29.67
2023-07-30,,39,42,32.5,,25.8,30,34.29,37,28,,33,26.67,21,32.5,29.9,41.53,,26.73,37.47,,53,37,21,40,25,,37.38,,24.67,29.17,34,42.74,36.33,25.27,26,29
2023-07-31,,39.5,42,30.5,,25.86,30,32.88,37,28,43,33.29,26,21,31,30.61,41.4,43.92,27.07,37.26,,51,38.3,21,39.8,25,40.14,37.75,,24.5,29.2,35.8,42.91,38.8,25.49,25.75,29.9
2023-08-05,,40.4,,32,,25.03,28,34,32.67,28,43,32.86,25.67,21,30.33,30.06,40.59,44.64,25.65,36.53,,50,38.67,19,40.8,24.5,40,36.56,,24.75,28.88,36.2,42.13,38.1,24.14,26.5,29
2023-08-06,40,40.4,42,32.55,,25.37,28,33,32.33,28,43,32.67,25.5,21,29.25,30,41.09,43.5,26.52,36.95,,50,38.2,19,40.67,25,40.38,36.68,,24.9,29.17,36.8,42.84,37.2,25.11,25.75,29.11
2023-08-07,39,40.6,42,31.88,,25.86,29,32.57,37.5,28,,35,25.75,21,30.33,30.12,41.67,,26.51,36.84,,60,38.11,21,40,25,42.63,36.62,39,24.33,29.5,34.33,42.93,36,25.12,25,32.33
2023-08-08,,41,42,31.36,,26.03,30,33.44,37.67,28,43,32.71,26,21,31.25,30.44,41.72,43.86,27.23,37.63,,53,37.9,21,40.71,25,40.14,37.63,39,24.3,29.89,35.75,43.17,38.4,25.55,26,29.7
2023-08-09,,41,42,31.6,,26.19,30,31.88,40,28,43.5,32.5,26,21,31.33,31.5,42.06,43.71,27.67,38.32,,59,38.67,21,42.44,26,40.13,37.7,39,24.31,29.39,35.8,44.39,38.4,25.79,26,29.7
2023-08-10,,42,42,31.38,,27.14,32,38,39,28,,34,26.67,21,33.33,31,42.53,,28.06,38.37,,54,37,21,37.5,28,,38,39,24.22,28.89,36,43.72,36,25.76,27,27
2023-08-11,,43,42,31.3,,27.33,32,35.5,40.33,30,44.5,34.13,27.25,21,31.75,31.76,43.38,45.58,28.4,39.53,,58,37.63,21,41.67,28,41.88,37.72,41,25.2,29.45,35.75,44.3,40.1,26.18,26.75,30
2023-08-12,,44,42,30.91,,27.86,32,36.38,41,30,45,35.5,28,21,35.33,31.33,44.28,45.46,28.69,40.16,,54,38.88,21,42.44,28,42.57,37.39,41,25.47,29.62,35.8,44.18,41.1,26.55,27.5,29.7
2023-08-13,,41.33,42,31.67,,26.18,30,34.33,39,28,,32.6,25.75,21,32.5,30.36,41.77,,27.22,37.84,,51,36.67,21,,28,,37.56,39,24.38,29.25,34,43.32,38.5,25.82,24.5,28.71
2023-08-14,,40.8,42,31.2,,26.06,30,34.13,38.67,28,43,33.33,26,21,31,30.88,41.72,43,27.38,37.89,,59,37.8,21,41,28,40.14,37.11,39,24.36,30,36.75,43.6,38.5,25.75,25.75,29.6
2023-08-15,,41,,30.4,,26,30,32.2,38.67,28,,33,26.33,21,29,30.45,41.86,,27.45,37.89,,51,37.2,21,,27,39.5,37.33,,24.3,29.3,32,43.68,36.67,25.53,24.5,28.75
2023-08-16,,40.8,42,31.2,,26.22,30,33,38.67,28,43,33,25.75,21,31,30.67,41.78,43.77,27.39,37.79,,59,37.8,21,41,28,40.14,37.32,39,24.33,29.9,35.75,43.96,38.2,25.73,26,29.8
2023-08-17,,40.8,42,30.7,,26.11,30,33.22,38.67,28,43,32.57,25.75,21,30,30.67,41.28,43.77,27.69,37.68,,59,38,21,41.6,28,40.14,37.56,,24.5,29.7,35.8,43.82,38.2,25.7,26.25,30
2023-08-18,,40.8,42,31.5,,26.24,30,32.29,38.67,28,43,32.57,25.75,21,31.33,30.65,41.81,44.17,27.37,37.84,,59,37.5,21,42.75,28,40.14,37.78,,24.18,29.96,35.8,43.82,38.4,25.68,26,29.8
2023-08-19,,40.8,42,31.36,,26.19,30,34,39,28,,32.43,25.75,21,30.25,30.72,41.81,44.27,27.08,37.79,,51,38.11,21,,28,40.14,37.6,39,24.13,28.67,35.8,43.21,38.4,25.51,26.25,28.75
2023-08-20,,40.33,42,30.83,,26.14,30,32.86,39,28,,33.33,25.75,21,32.5,30.08,41.6,,27.44,37.84,,51,36.67,21,,28,,38.11,,24.22,28.92,36,43.52,36.33,25.62,23,28.71
2023-08-21,,40.8,42,30.7,,26.03,30,33.75,39,28,43,32.43,25.75,21,30.25,30.65,42.1,43.42,27.39,37.89,,59,38,21,41.83,26,40.14,37.58,39,24.09,30.04,35.8,43.79,38.7,25.69,26.25,29.8
2023-08-22,,40.8,42,31.5,,26.03,30,33.67,39,28,43,32.43,25.75,21,30.25,30.72,41.84,43.15,27.37,38,,59,38.1,21,42,26,40.14,38.19,39,24,29.44,35.8,43.93,38.3,25.72,26,29.7
2023-08-23,,40.8,42,31.36,,26.05,30,33,39.33,28,43,32.71,25.75,21,30.75,30.89,41.48,43.86,27.42,38.05,,59,38.3,21,43,26,40.14,37.53,,24,29.65,35.8,43.86,38.1,25.73,26,29.8
2023-08-24,,40.8,42,30.8,,26.17,30,33.67,39.33,28,43,32.33,25.75,21,30.25,30.94,41.77,43.92,27.4,38.21,,59,38.2,21,43,28,40.13,37.18,39,24.09,29.89,35.8,43.83,38.7,25.72,26.25,29.8
2023-08-25,,40.8,42,31.6,,26.32,30,33.56,39.33,28,43,32.57,25.75,21,30.75,30.72,41.86,44.25,27.44,38.21,,51,38.22,21,43,28,40.13,37.53,,23.8,29.77,35.8,43.39,38.1,25.7,26.25,29.11
2023-08-26,,40.8,42,30.78,,26.24,30,34.2,39.33,28,,32.5,25.75,21,32.5,30.83,41.58,43.17,27.55,38.44,,51,38.13,21,45,28,40.13,37.62,,23.8,28.22,35.67,43.46,38.1,25.67,26.25,28.75
2023-08-27,,41,,32.8,,26.17,30,34.57,39.33,28,,33,26,21,32.67,30.54,41.59,,27.41,38.39,,51,36.67,21,40,28,,37.55,,23.89,28.67,34,43.58,36,25.54,23,28.83
2023-08-28,,40.8,42,31.2,,26.17,30,33.44,39.33,28,43,32.43,26,21,31.33,31,41.75,,27.56,38.11,,51,38.3,21,43,25,40.13,37.74,,23.7,30.04,35.8,43.52,38.4,25.72,26,29.11
2023-08-29,,40.8,42,31.36,,26.17,30,34.67,39,28,43,33,25.75,21,30.25,30.71,41.84,,27.48,38.16,,51,38.2,21,43,25,40.14,37.7,39,23.91,29.29,35.8,43.46,38.4,25.7,26.25,29.11
2023-08-30,,40.8,,31.45,,25.97,,30.75,39.33,28,43,33.33,26,21,31.33,30.94,41.72,,28.03,38.16,,59,38.2,21,43,28,40.13,37.64,39,23.91,28.44,35.8,44.07,38.5,25.66,26.25,29.5
2023-08-31,,41,42,31.6,,26.19,30,32,39,28,43,33,26,21,30.25,31,41.6,,27.7,38.11,,59,38.2,21,43,28,40.13,37,39,24.25,29.88,34.75,44.14,39.1,25.62,23,29.7
2023-09-05,,40.4,42,32,,25.11,28,33.78,32.67,28,43,32.6,25.25,21,29.25,30.11,40.65,44.43,25.69,36.63,,50,38.3,19,40.8,25,40,36.47,39,24.5,29.03,36.6,42.07,37.9,24.15,26.25,26.5
2023-09-06,40,40.4,42,32.08,,25.54,28,31.25,32.33,28,43,32.67,25.5,21,30,30.06,41.28,43.62,26.4,36.89,,50,38.2,19,40,25,40.38,36.74,40,25,29,36.8,42.76,37.1,25.04,25.75,29.3
2023-09-07,,39.67,42,31.86,,25.75,,33,37.5,28,,34.5,26,21,31.5,30.64,41.67,,26.61,36.84,,53,37.25,21,40,26,,37.3,,24,29.1,34,42.93,35.33,25.16,,31.5
2023-09-08,,41,42,31.5,,25.89,30,34.57,38.33,28,43,32.83,26,21,30.4,30.81,41.69,43.93,27.21,37.58,,53,37.9,21,40.71,25,40.14,36.89,39,24,28.44,35.8,43.05,38.4,25.52,25.75,29.6
2023-09-09,,40.8,42,32.25,,26.29,30,34,40,28,,33,26.25,21,31.33,31.65,41.73,,27.7,38.21,,59,37.2,21,37.5,28,40.13,37.8,39,24.33,28.9,35.75,44.11,37,25.7,25.75,29.44
2023-09-10,,40.75,42,31.33,,26.85,32,35.78,39,28,44.5,33,26.75,21,30.5,31.29,42.63,44.33,27.8,38.47,,53,38.56,21,42.44,28,41.86,37.94,39,24.62,29.66,35.75,43.67,39.2,25.86,25.5,29.2
2023-09-11,,43,42,30.91,,27.57,32,36.25,40.33,30,44.5,34.25,27.25,21,31.75,31.71,43.44,44.57,28.55,39.53,,54,37.29,21,41.67,28,41.88,38.35,41,25.4,29.12,35.8,44.06,39.6,26.32,26.75,29.7
2023-09-12,,44,42,31.25,,27.76,32,37.29,41,30,,35.67,27.33,21,35,31.33,43.89,,28.87,40.21,,52,38.86,21,40,28,42.25,36.56,41,25.4,28.33,35.75,44.07,35,26.73,27.75,29.7
2023-09-13,,40.8,42,31,,26.37,30,33.63,38.33,28,43.5,32.8,26,21,31.75,31.56,41.97,43.85,27.77,38.61,,59,38.67,21,42.13,26,39.71,37.58,39,24.29,29.57,35.8,44.14,38.6,25.8,25.5,29.67
2023-09-14,,41,42,30.8,,26.24,30,34.43,38.33,28,42,33,26.25,21,31.33,31.56,42.33,44,27.64,38.42,,51,38.75,21,42.56,26,40.13,37.56,39,24.53,29.5,35.8,43.46,38.7,25.75,25.5,29.22
2023-09-15,,40.8,42,30.82,,26.31,30,34,38.33,28,43.5,33,26.33,21,30.25,31.71,42.13,44.17,27.3,38.26,,59,38.33,21,41.71,28,40.13,37.61,39,24.21,29.85,35.8,44.31,39.2,25.81,25.5,28.89
2023-09-16,,40.8,42,31.57,,26.31,30,35,38.33,28,,33,26.5,21,31.33,31.56,42.19,43.86,27.38,38.16,,59,38.75,21,37.5,40,40.13,37.84,39,24.25,28.44,35.8,44,39.1,25.68,25.5,29.22
2023-09-17,,39,42,31.17,,26.55,30,34.86,38.33,28,,33.33,26.5,21,32.5,30.83,42.16,,27.69,38.16,,51,37,21,37.5,28,40,37.9,,24.33,28.44,36,43.59,36,25.48,23,29
2023-09-18,,41.33,,30.4,,26.38,30,35.83,38.33,28,43.5,33.2,26.5,21,31.33,31.53,42.19,43.5,27.73,38.05,,51,38.89,21,42.44,28,39.71,37.78,,24.33,29.56,34.33,43.87,35,25.8,23.5,29.5
2023-09-19,,40.8,42,30.64,,26.36,30,34.67,38.33,28,,33,26.5,21,31.33,31.25,42.17,43.15,27.61,38,,59,39,21,42.44,40,40.13,38.38,,24.15,29.69,35.8,44.25,38.5,25.8,25.5,29.22
2023-09-20,,40.8,42,30.64,,26.46,30,32.5,39,28,,32.67,26.75,21,31.67,31.39,42.44,44.08,27.84,38.05,,59,38.89,21,42.44,28,40.13,37.75,39,24.4,29.6,35.8,44.28,38.7,25.84,25.75,29.5
2023-09-21,,40.8,42,30.7,,26.5,30,32.5,39.33,28,43.5,34,26.75,21,31.67,31.61,42.34,44,27.93,38.16,,59,39,21,42.44,28,40.38,37.5,39,24.38,30.07,35.8,44.24,38.8,25.79,25.5,29.5
2023-09-22,,40.8,42,30.64,,26.63,30,33.78,39.33,28,45,33,26.75,21,30.5,31.39,42.44,,27.8,38.16,,59,39,21,42.44,28,40.63,38,39,24.4,29.71,35.8,44.25,38.7,25.77,25.5,29
2023-09-23,,40.8,42,31.22,,26.63,30,35.29,39.33,28,,32.67,26.75,21,36.5,31.56,42.63,44.08,27.9,38.16,,59,38.83,21,37.5,28,41.25,38,,24.25,28.57,35.8,43.85,38.6,25.73,25.5,28.57
2023-09-24,,39,42,31.57,,26.76,30,35.43,39.33,28,,33.33,26.67,21,33,31.69,42.38,,27.42,38.21,,51,37.33,21,37.5,28,,38,,24.45,29.38,34,43.48,34.5,25.56,23,28.57
2023-09-25,,41,42,31.22,,26.74,30,35.63,39.33,28,43.5,32.8,26.75,21,31.67,31.39,42.45,43.79,28.02,38.11,,59,38.89,21,42.44,40,41.25,37.89,41,24.53,29.62,35.8,44.03,38.67,25.67,25.75,27.71
2023-09-26,,41.2,42,30.64,,27.03,30,34.44,39,28,43.5,32.5,26.75,21,31.67,31.5,42.48,44.82,27.61,38.11,,59,38.75,21,42.44,27,41.25,37.44,,24.64,29.58,35.8,44.07,39,25.73,25.75,29
2023-09-27,,41.4,42,30.64,,27,30,35.38,39,28,43.5,32.4,26.75,21,31.67,31.5,42.56,43.86,27.74,38.47,,59,38.5,21,42.33,26,41.25,38.05,,24.5,29.5,35.8,44.28,38.9,25.68,25.75,29.4
2023-09-28,,41.25,42,31,,27,30,34.5,39,28,43.5,34,26.75,21,33,31.8,42.71,,27.44,38.16,,52,38.38,21,40,40,41.25,37.7,40,24.67,29.1,35.8,43.8,36.5,25.62,25.75,28.5
2023-09-29,,37.5,42,30.64,,26.78,30,34.71,39.67,28,43.5,32.8,26.75,21,36.5,31.76,42.66,45.6,27.74,38.05,,59,38.56,21,42.33,27,41.25,37.78,,24.67,29.88,35.8,44.34,38.7,25.76,25.5,29.3
2023-09-30,,40.67,,30.64,,26.82,30,35.88,39.67,28,,32.4,26.67,21,32,31.5,42.58,44.5,27.68,38.05,,52,38.33,21,37.5,27,41.86,37.89,41,24.27,28.83,35.8,44,39.1,25.64,25.75,28.5
2023-10-05,,40.4,42,32,,25.13,28,33.22,32.67,28,43,32.33,25.5,21,29.25,30.22,40.86,44.5,25.63,36.68,,50,38.3,19,40.8,25,40,37,39,24.56,29.1,36.6,42.56,37.3,24.18,24.67,28.22
2023-10-06,40,40.5,42,32.67,,25.61,28,32.5,40,28,,32.6,25.33,21,29.25,30,41.6,,26.52,36.84,,50,38,21,40,25,40.38,37.67,,23.33,27.75,37,42.67,36,24.96,26.33,29.25
2023-10-07,39,40.6,42,31.2,,25.89,29,32.44,41,28,43,34.29,25.75,21,30.67,30.06,41.72,43.43,26.74,36.89,,60,38.4,21,40.67,25,42.63,37,39,24.33,29.46,35.8,43.06,38.8,25.34,26.25,30.3
2023-10-08,,41,42,31.36,,26.06,30,33.44,38.67,28,43,33.14,25.75,21,31,30.44,41.71,43.15,27.29,37.68,,51,37.8,21,40.86,25,40.14,37.69,,24.45,29.9,35.8,43.26,38.2,25.59,25.75,29.6
2023-10-09,,37.5,42,32.2,,26.43,30,35,40,28,,33,26,21,32.5,31.71,41.9,,27.49,38.21,,51,36.67,21,37.5,28,,38.11,39,24,29.29,34,43.79,36,25.56,24,28.57
2023-10-10,,41.8,,31.22,,26.94,32,35.67,39,28,44.5,32.33,26.75,21,31.67,31.28,42.32,44.33,27.78,38.47,,58,38.56,21,42.44,28,41.86,37.88,39,24.5,29.62,36,44.37,39.7,25.89,26,29.2
2023-10-11,,43,42,31.1,,27.67,32,35.44,40.33,30,45,33.43,27.25,21,35,31.5,43.42,44.62,28.47,39.53,,58,37.4,21,41.67,28,41.88,38.8,,25.33,29.59,35.8,44.44,39.7,26.32,25,29.7
2023-10-12,,44.33,42,31.67,,28,32,36.86,41,30,,38,28,21,45,31.27,44.2,,28.84,40.21,,54,38.33,21,37.5,28,,36.17,41,25.69,28.2,32,44.45,35,26.47,26,28.88
2023-10-13,,41.6,42,30.73,,26.78,32,35.56,39,28,45,32.86,26.5,21,32,31.06,42.81,45.5,27.7,38.53,,58,38.89,21,41.67,28,41.63,37.53,39,24.62,29.56,35.8,44.34,39.8,26.05,25.75,29.3
2023-10-14,,42,42,31.33,,26.91,32,37.43,39,28,,32.57,26.33,21,31.67,31.11,42.77,,27.57,38.47,,53,39,21,37.5,26.67,40.86,37.7,39,24.57,27.73,35.8,43.85,37.33,25.82,23.67,29.3
2023-10-15,,42,42,30.67,,27.05,32,37.86,39,28,,35,26.33,21,33,30.92,42.78,,27.95,38.47,,53,36,21,37.5,28,,38.11,39,24.22,28.5,34,43.54,37.33,25.87,27.5,27.33
2023-10-16,,42.2,42,31.11,,26.88,32,35.44,39,28,44.5,33,26.5,21,31.67,31.56,42.88,45.18,28.16,38.42,,53,38.89,21,41.67,27,41.88,37.33,39,24.83,29.44,35.8,44.24,39.78,25.97,25.75,29.3
2023-10-17,,42.8,42,30.5,,26.86,32,36.13,39.33,28,44.5,33.29,26.5,21,31,31.56,42.84,44.57,28.04,38.42,,58,38.75,21,41.67,28,41.88,37.56,39,24.79,29.08,35.8,44.79,39.4,25.96,25.75,29.3
2023-10-18,,42.8,42,32.5,,26.85,32,35.67,39.67,28,44.5,32.57,26.5,21,32.33,31.56,42.81,44.14,27.87,38.58,,58,38.56,21,41.67,28,41.88,37.88,39,24.69,29.63,35.8,44.7,39.5,25.89,25.5,28.78
2023-10-19,,42.8,42,30.82,,27.16,32,35.67,39.67,28,44.5,34,26.5,21,32.75,31.76,42.88,44.21,27.98,38.58,,58,38.44,21,41.67,40,41.88,37.59,39,24.69,29.19,36.75,44.71,39.9,25.9,25.5,28.78
2023-10-20,,43.25,42,31.1,,26.97,32,35.67,39.67,28,44.5,32.6,26.5,21,33,31.67,42.81,44.33,27.79,38.63,,58,38.33,21,41.67,28,42.25,37.8,,24.71,29.64,35.8,44.71,39.7,25.95,23.33,28.14
2023-10-21,,43.25,42,31.5,,26.75,32,36,40,28,,34,26.5,21,33,31.15,42.88,44.08,28.05,38.89,,54,37.57,21,37.5,25,41.88,38.22,39,24.54,27.6,35.75,43.96,39.7,25.84,25.75,28
2023-10-22,,43.33,42,31.5,,27,32,37.43,40,28,,34.25,26.5,21,26,30.78,42.73,,27.79,38.89,,54,35.33,21,37.5,27,,38.8,39,24.67,28.33,36,43.95,37,25.84,23,28
2023-10-23,,42,42,31.5,,27,32,35.86,40,28,45,33.67,26.5,21,34,32.18,42.93,,27.95,39.11,,54,36.6,21,41.67,26,41.88,38,39,24.69,29.23,36,43.95,37,25.92,25.5,28
2023-10-24,,43,,31.25,,27.44,32,37.29,40,28,,35.5,26.5,21,43,30.82,42.97,,28.02,39.16,,54,37.17,21,41.25,28,41.88,36.75,39,24.27,29.22,36,43.95,35,26.1,27.5,28.5
2023-10-25,,42.6,42,30.6,,27.18,32,35.44,40,28,44.5,33.86,26.75,21,33,31.72,42.94,44,27.98,39.16,,58,37.63,21,41.67,28,41.88,38.53,39,24.69,29.52,36,44.56,39.6,26.04,25.75,28.78
2023-10-26,,42.6,,30.82,,27,32,35.44,40,28,44.5,33.17,26.75,21,29.5,31.93,42.94,44.07,27.89,39.16,,58,38.33,21,41.25,28,41.88,37.75,39,24.77,30.19,34,44.64,39.6,26.01,25.75,27.5
2023-10-27,,42.6,42,30.9,,27.21,32,35.5,40,28,44.5,33.8,26.5,21,31.75,31.78,43,43.86,28,39.16,,58,38.22,21,41.67,27,41.88,37.83,39,24.85,29.88,36,44.66,39.6,26.09,25.75,28.78
2023-10-28,,42.6,42,31.33,,27.23,32,36.17,40,28,,34.5,26.5,21,31.75,31.83,42.77,44.08,28.11,39.21,,51,38.14,21,37.5,27,41.88,38.43,41,24.67,28.58,34.33,44.04,39.4,26.03,23.67,28.14
2023-10-29,,43.25,42,31.25,,27.48,32,37.43,40,28,,34.5,26.5,21,43,31.83,43.17,,28.05,39.21,,54,35.33,21,37.5,27,,38.8,41,24.7,28.78,34,43.86,36.33,26,27.5,27.86
2023-10-30,,42.6,,30.82,,27.18,32,36.25,40.33,29,44.5,34,26.5,21,33.67,31.71,43.03,44.29,28.22,39.37,,54,38.22,21,41.67,27,41.88,37.87,41,24.79,29.53,35.8,44.22,39.5,26.19,25.75,29.6
2023-10-31,,42.6,42,30.82,,27.26,32,35.88,40.33,30,44.5,33.5,26.75,21,33.33,31.78,43.19,44.07,28.29,39.53,,58,38.33,21,41.67,28,41.88,37.84,41,24.77,29.66,35.8,44.75,39.7,26.18,25.75,29.7
2023-11-05,,40.4,42,32.18,,25.26,28,33.44,32.67,28,43,32.71,25.5,21,29.25,30.35,40.71,44.5,25.59,36.47,,50,38.67,19,40.67,25,40,36.56,39,23.63,29.25,36,42.65,37.4,24.17,24.67,27.5
2023-11-06,40,40.67,42,33.57,,25.55,28,33.67,40,28,,32.6,25.33,21,30.5,30.14,41.26,,26.61,36.84,,49,37.25,21,40,24,,37.78,,22.5,27.71,34,42.36,36,25.12,24,28.83
2023-11-07,39,40.6,42,31.45,,26.06,29,32.89,40.67,28,43,34,25.75,21,30.67,30.06,41.71,43.36,26.83,36.89,,60,38.5,21,39.8,25,42.63,37,39,24.8,29.32,35.8,42.94,38.7,25.41,26.25,30
2023-11-08,,41,42,31.36,,26.09,30,33.22,38.67,28,43,32.71,25.75,21,30,30.67,41.77,43.46,27.56,37.74,,59,37.9,21,41,25,40.17,37.78,,24.3,29.8,35.8,43.96,37.56,25.65,26,29.6
2023-11-09,,40.25,42,31.45,,26.14,30,33.22,40,28,43.5,33,26,21,30.25,31.61,42,43.75,27.54,38.44,,59,38.67,21,42.75,26,40.13,37.7,39,24.15,29.88,35.8,44.32,38.5,25.75,25.75,29.7
2023-11-10,,41.6,42,30.8,,26.97,32,36.38,39,28,44.5,32.67,26.5,21,32,30.71,42.63,44.5,27.73,38.32,,58,38.88,21,41.89,28,41.63,37.5,39,24.69,29.54,35.75,44.32,39.9,25.92,25.75,29.2
2023-11-11,,43,42,31.43,,27.71,32,37.43,40.33,30,,34.4,27.33,21,33.25,31.33,43.35,,27.93,39.58,,54,38.88,21,37.5,28,41.63,37.8,41,25.33,28.43,35.67,43.74,37,26.2,25.5,29.11
2023-11-12,,44,42,31,,27.74,32,35.75,40.67,30,44.5,35.33,28.25,21,39.75,31.24,44.25,45.29,28.66,40.16,,58,38.75,21,42.44,28,42.25,37.63,41,25.47,29.53,36,44.49,41.1,26.67,25.67,29.7
2023-11-13,,43.5,42,31.22,,27.56,32,35.67,40.33,30,45,32.75,27.33,21,33.33,32.08,43.56,44.64,28.71,39.63,,54,37.4,21,41.67,40,41.14,37.44,,25.43,28,36,44.13,40.1,26.36,29,29.11
2023-11-14,,43.75,42,30.91,,27.51,32,34.5,40.33,30,45,34.5,27.25,21,33.67,31.44,43.58,44.71,28.59,39.63,,54,38.13,21,41.67,28,42.14,37.71,41,25.53,28.88,32,44.1,39.5,26.56,27,28.38
2023-11-15,,43.2,42,31.44,,28,32,35.13,40.67,30,45,37,27.25,21,38,31.58,43.69,44.42,28.21,39.79,,58,38.78,21,41.67,40,41.88,38.38,41,25.67,29.11,36,44.42,39.9,26.33,27.67,28.38
2023-11-16,,43.6,,30.91,,27.57,32,36.25,40.67,30,45,34.2,27.25,21,38,31.31,43.81,44.69,28.26,39.74,,58,38.78,21,41.78,28,41.88,38.47,,25.57,28.8,35.8,44.4,40.1,26.29,26.75,28.38
2023-11-17,,43.6,42,31.22,,27.66,32,37.57,40.67,30,45,35.33,27.33,21,38,31.5,43.5,45.69,28,39.68,,58,38.78,21,41.89,28,41.88,37.53,41,25.8,29.42,35.8,44.61,40.5,26.41,27.67,29.7
2023-11-18,,43.6,,30.7,,27.72,32,35.43,40.67,30,,35.33,27.33,21,38.25,31.44,43.94,45.75,28.49,39.58,,58,38.71,21,37.5,28,42.14,37.17,,25.87,29.14,35.8,44.48,40.7,26.35,25.33,29.5
2023-11-19,,45,42,31,,27.47,32,35.83,40.67,30,,35.2,27.33,21,39,31.9,43.69,,28.05,39.58,,54,36.67,21,37.5,28,,37.5,42,26.75,28.83,34,44.04,37,26.2,27,28.17
2023-11-20,,43.6,42,31,,28.33,32,36.13,41.33,30,44.5,34.5,27.25,21,34,31.79,43.83,45.14,28.44,39.79,,58,39.11,21,42,28,41.88,37.11,42,25.93,29,35.75,44.73,40.2,26.47,27.25,29.11
2023-11-21,,43.6,42,30.91,,27.64,32,36.11,41,30,44.5,34.38,27.5,21,33.75,31.56,43.68,45,28.62,40,,58,39.11,21,42.22,28,41.14,36.89,42,25.93,29.37,35.75,44.82,40,26.36,27.25,29.7
2023-11-22,,43.6,42,30.91,,27.75,32,37.43,40,30,44.5,32.6,28,21,32.4,31.61,44.06,45.31,28.54,40.05,,58,39.11,21,41.88,28,41.88,37.29,42,25.93,29.24,35.75,44.85,40.7,26.33,27.25,29.22
2023-11-23,,43.6,42,31.1,,27.75,32,36.38,39.67,30,44.5,34.75,29,21,32.4,31.65,44.19,45.23,28.78,40.16,,58,38.33,21,42.22,28,41.88,37.44,42,25.87,29.04,35.8,44.64,40.9,26.3,26,29.8
2023-11-24,,43.6,,31.25,,27.86,32,36,40.33,30,45,35,28,21,32.75,31.61,44.16,45,28.54,40.26,,54,39.11,21,42.22,28,41.88,37.21,42,25.86,29.33,35.8,44.5,40.7,26.24,28,29.8
2023-11-25,,43.6,42,31.63,,27.79,32,37.57,40.33,30,,35.29,26,21,32.75,31.56,44.3,45.29,28.55,40.32,,58,39.14,21,37.5,28,42.57,36.6,42,25.93,28.6,35.8,44.34,40.7,26.38,27.25,29.22
2023-11-26,,45,,32,,28.21,32,37.43,40.33,30,,35.8,28,21,39,31.8,44.28,,28.46,40.32,,54,37.67,21,40,28,,36.88,42,25.92,28.17,34,43.83,37.33,26.11,29.5,29.33
2023-11-27,,43.6,42,31.33,,27.77,32,36.67,41,30,44.5,35.67,28,21,34.67,31.54,44.35,45.25,28.66,40.37,,58,39.11,21,42.5,28,42.25,36.6,,25.67,29.36,34.33,44.59,37,26.37,,29.22
2023-11-28,,43.6,42,30.91,,27.66,32,36.75,41,30,44.5,34.75,28,21,32.75,31.44,44.31,45.14,28.7,40.37,,58,39.33,21,42.33,28,42.25,37.4,42,25.6,29.48,36.75,44.77,40.7,26.39,27,29.8
2023-11-29,,43.6,42,30.91,,27.91,32,36.25,41,30,44.5,34.75,28,21,33,31.44,44.41,46.08,28.71,40.37,,58,39.33,21,41.88,28,42.25,37.44,42,25.6,29.73,35.8,44.68,41,26.44,27.5,29.8
2023-11-30,,43.6,42,30.89,,27.84,32,36.44,41,30,44.5,34.88,28,21,33,31.28,44.37,45.15,28.58,40.37,,58,39.5,21,42.22,28,42.25,38,42,25.53,29.63,35.8,44.91,41,26.43,28.33,29.8
2023-12-04,,41,,31.9,,26.05,28,32.67,32,29,42,33,25.75,21,29.5,31.19,40.69,44.21,25.78,37.21,,52,38.78,19,40.67,26.5,38.75,36.88,40,24.25,29.41,36.6,42.22,37.8,24.44,27,28.3
2023-12-05,,40.4,42,31.73,,25.11,28,33.44,32.67,28,43,33.17,25.25,21,29,30.18,40.56,43.92,25.71,36.42,,50,38.3,20,39.8,25,40,36.88,40,23.88,29.03,36.6,42.56,37.4,24.22,24.67,28.33
2023-12-06,40,40.4,42,32.08,,25.51,28,31.5,32.67,28,43,32,25.5,21,29.75,30.11,41.38,43.64,26.4,36.89,,50,38.1,20,40.67,40,40.38,36.67,40,24.56,29.5,36.8,42.67,37.2,25.11,25.75,29.2
2023-12-07,39,40.6,42,31.22,,25.83,,33.22,39.33,28,43,34.17,26,21,29.75,30.41,41.17,43.36,26.74,36.79,,60,38.5,21,40.67,25,42.63,37.06,39,24.8,29.64,35.75,43.15,39.2,25.35,26.25,30
2023-12-08,,39.5,42,30.88,,25.97,30,34.57,39,28,,32.5,25.75,21,30.4,30.67,41.58,,27.4,37.79,,51,38,20,,27,40.14,37.25,39,24.3,28.64,35.75,43.33,36,25.58,26,29.44
2023-12-09,,40.8,42,31.4,,26.53,30,32.67,39.33,28,43.5,32.8,26,21,31.33,31.56,42,43.64,27.5,38.37,,59,38.67,21,42.44,26,40.13,37.94,39,24.36,29.32,35.8,44.11,39,25.8,25.5,29.67
2023-12-10,,41,42,30.8,,26.88,32,35.56,39,28,45,32.86,26.5,21,31.67,30.88,42.87,44.36,27.83,38.37,,58,38.89,21,41.25,28,41.63,37.35,39,24.57,29.36,35.75,44.29,40,25.93,25.75,28.78
2023-12-11,,43.5,42,32,,28.23,32,36.5,40.33,30,,34.5,28.5,21,43,31.67,43.48,,28.07,40.11,,54,36.67,21,40,27.33,47,38,,25.33,29.5,32,44.63,41,26.15,,27.25
2023-12-12,,45.4,42,31,,27.86,32,35.75,40.67,30,44.5,35.33,28.5,21,39.5,31.44,44.31,45.31,28.67,40.37,,58,38.86,21,42.13,28,42.25,37.58,41,25.4,29.75,36,44.48,41.1,26.64,27.25,30
2023-12-13,,45,42,31.1,,27.77,32,35.67,40.67,30,44.5,35.33,28.5,21,39.5,31.39,44.26,45.14,28.69,40.32,,58,38.67,21,42.44,28,42.25,36.76,41,25.47,29.79,36,44.57,41,26.57,27.5,29.33
2023-12-14,,45,42,31,,27.81,32,35.75,40.67,30,44.5,34.86,28.25,21,36.8,31.39,44.28,45.36,28.7,40.42,,58,38.67,20,42.44,28,42.25,37.25,,25.47,29.55,34,44.57,41.1,26.59,27.25,29.7
2023-12-15,,44.6,42,31.11,,27.54,32,35.67,40.67,30,44.5,35,27.33,21,33,31.44,44.17,45.62,28.81,40.42,,58,38.67,21,42.44,28,42.25,37.11,,25.2,29.56,34,44.59,41.2,26.64,25.33,28.63
2023-12-16,,44.8,42,30.91,,27.45,32,36.57,40.67,30,,35,27.67,21,31.6,31.39,44.23,45.29,28.88,40.37,,54,38.57,21,37.5,28,42.57,36.88,41,25.2,29.6,36,44.23,41.4,26.63,27.25,29.11
2023-12-17,,45,,31.67,,27.71,32,36.71,40.67,30,,36.75,27.67,21,45,31.5,43.87,,28.85,40.42,,52,36.5,21,37.5,28,,36.71,41,25.64,28.88,32,44.54,38,26.67,27,28.5
2023-12-18,,44.6,42,31.3,,27.57,32,36.83,40.67,30,44.5,35.67,28.25,21,35,31.39,44.09,45.42,28.83,40.32,,58,38.57,21,42.44,28,42.25,37.26,41,25.27,29.7,36,45,41.1,26.63,25.33,30.11
2023-12-19,,44.6,42,31,,27.71,32,35.71,40.67,30,,35,27.67,21,35.17,31.39,44.16,45.36,28.71,40.26,,58,38.67,21,42.44,28,42.57,37.24,,25.27,29.86,36,44.97,41.4,26.62,27.25,29.22
2023-12-20,,44.6,,30.91,,27.65,32,35.88,40.67,30,44.5,35.67,28.25,21,35,31.28,44.23,45.29,28.79,40.21,,58,38.67,21,42.22,28,42.25,37.17,41,25.27,29.57,35.8,44.94,41.5,26.59,27.25,29.8
2023-12-21,,44.6,42,30.91,,27.56,32,36,40.67,30,45,35,27.67,21,36.8,31.12,44.13,45.29,28.79,40.21,,58,38.75,21,42,28,42.57,38,40,25.13,29.22,35.75,44.82,41.5,26.57,27.5,29.8
2023-12-22,,44,42,31.1,,27.63,32,34.71,40.67,30,44.5,35,29.33,21,36.17,31.33,44.09,45.21,28.74,40.16,,58,38.5,21,41.89,28,41.57,38.39,40,25.13,29.68,35.8,44.86,41.5,26.57,27.5,29.8
2023-12-23,,44,42,31,,27.64,32,36.57,40.67,30,,35.14,29,21,32,31.06,44.03,45.31,28.66,40.21,,54,38.57,21,37.5,28,42.25,37.3,40,25.07,28.75,36,44.44,42.25,26.59,27.5,30.11
2023-12-24,,42.5,42,31.8,,27.95,32,35,40.67,30,,37.75,29,21,45,31.5,43.76,,28.9,40.26,,52,38.25,21,40,28,43,35.83,40,25.25,29.43,32,44.68,42.5,26.51,27,29.14
2023-12-25,,43.33,,31.67,,28.32,32,36.71,40.67,30,,37.75,27.67,21,35.5,31.57,44.03,,28.77,40.26,,54,37.67,21,37.5,27,,37.14,40,25.07,28.88,36,44.26,38.33,26.53,27.75,29.5
2023-12-26,,44.25,42,30.91,,27.61,32,36,40.67,30,44.5,35.38,27.33,21,36.6,31.33,44.06,45.23,28.81,40,,58,38.33,21,42.5,28,42.63,38.38,40,25.13,29.81,35.75,44.94,38,26.62,27.75,29.8
2023-12-27,,45,42,31,,27.68,32,36.13,40.67,30,44.5,35.43,28,21,36.6,31.82,44.03,45.14,28.65,39.84,,59,38.57,21,41.5,28,42.63,37.6,40,25.29,29.85,35.8,44.84,41.5,26.58,27.75,29.8
2023-12-28,,45.2,42,31,,27.62,32,35.89,40.67,30,44.5,35.13,28.75,21,36.4,31.33,43.97,45.92,28.69,40,,62,38.57,21,42.75,28,42.63,37.63,,25.13,29.43,35.8,45.03,41.5,26.57,28,29.8
2023-12-29,,45.2,42,30.91,,27.71,32,35.88,40.67,30,44.5,35,28.75,21,36.4,30.82,43.97,45.2,28.73,40.11,,62,38.57,21,41.89,28,42.63,37.45,40,25.13,29.69,35.8,45.06,41.5,26.53,27.75,29.9
2023-12-30,,45.2,42,30.7,,27.55,32,36.71,40.67,30,,34.83,28.75,21,32.75,31.33,43.52,45.54,28.75,40.05,,52,38.5,21,37.5,28,42.63,37.78,40,25.08,27,36,44.32,41.5,26.4,27.75,29.9
2023-12-31,,44.67,42,31.6,,27.65,32,39,40.67,30,,38,28.75,21,45,31.91,44,,29,40.11,,54,38.25,21,37.5,28,40,36.5,,25.31,28.75,33.5,45.05,38,26.45,28,29.67
2024-01-01,,45.33,,31,,27.78,32,34.88,40.67,30,44.5,35,28.75,21,32.75,31.06,43.88,45.21,28.76,39.95,,54,37.75,21,38.33,28,40,37.68,,25,29.69,36,44.45,38.33,26.57,28,29.22
2024-01-02,,45.4,42,31.25,,27.82,32,36.43,41.33,29,45,35.83,29.25,21,34.17,31.56,43.9,45.5,29.02,40.26,,62,38.75,21,41.89,28,42.63,37.89,41,24.87,29.45,35.6,45.5,42,26.95,27.75,30.22
2024-01-03,,46.25,42,31.17,,27.22,32,36.75,41,29,48,35.43,29.25,21,32.5,31.5,43.87,45.15,28.7,39.42,40,62,38.75,21,41.5,28,42.63,36.94,41,24.73,29.3,35.75,45.88,42.1,26.78,27.75,29.9
2024-01-04,,44,42,31.5,,27.26,32,36.63,40.33,29,48,36.5,29,21,33.4,31.28,43.63,44.93,28.17,38.95,40,55,38.5,21,41.5,28,42.63,37.43,41,25.07,28.85,35.6,44.97,42.22,26.64,27.5,30.4
2024-01-05,,44.8,45,32.57,,26.42,,36,41.33,29,,36,29.75,22,30.4,31.21,43.9,,28.67,38.42,,54,38.67,22,41.11,28,42.63,37.15,,24.75,28.96,35.6,44.9,42.5,25.92,26.5,29.88
2024-01-06,,44.4,45,32.55,,26.92,32,38.75,40.67,29,,35.71,28.33,22,30.75,31.53,43.6,45.45,28.85,38.47,,53,37.5,22,37.5,27,42.88,37.5,,24.86,28.71,35.4,44.75,42.6,25.93,28.5,29.75
2024-01-07,,44,45,32.93,,27.26,32,38.63,41.33,29,49.5,38,29.5,22,33,31.76,43.58,44.92,29.25,39.11,43,52,38.5,22,42.3,26,42.88,37.24,45,25.13,29.19,35.2,45.43,42.3,26.57,26.5,29.78
2024-01-08,,40.4,45,32.92,,27.49,31,34,41.67,30,50,37.88,27,22,30.83,30.82,42.59,45.36,29.19,39.32,45,62,38.78,22,42.33,26,42.57,37.24,47,25.87,29.31,37.6,45.61,41.2,26.69,27,29.9
2024-01-13,,44,42,32,,27.56,32,37,40.33,29,,37.25,28.75,21,40.67,31.39,43.7,,29,40.53,,54,38.5,21,37.5,28,42.63,36.5,40,25.14,28.78,35.75,44.62,38,26.77,27,29.71
2024-01-14,,44.75,42,32,,27.53,32,35.2,40.33,29,,40.5,27.33,21,38.5,31.73,43.7,,28.82,40.58,,54,37.67,21,37.5,28,,37.8,40,25.23,27.6,32,44.83,38,26.64,28,29
2024-01-15,,44.67,42,32.57,,27.44,32,36,40.33,29,45,35.71,28.75,21,36.4,31.57,43.57,46,28.73,40.42,,54,38.5,21,41.89,28,42.63,36.11,40,25,29.65,34,44.29,38,26.75,28,29.8
2024-01-16,,44.5,42,32,,27.5,32,35.57,40.33,29,45,35.5,29,21,36.2,31.33,43.75,45.36,29.13,40.37,,54,38.5,21,41.89,28,42.63,38.29,40,25,29.63,35.75,44.48,41.6,26.84,28.5,29.8
2024-01-17,,44.8,42,31.36,,27.88,32,37,40.33,29,45,35.86,29,21,34.33,31.39,43.81,45.21,29.17,40.47,,54,38.5,21,41.89,28,42.63,37.45,40,25,29.2,35.6,44.27,41.7,26.89,29.33,29.8
2024-01-18,,44.8,,31.25,,27.44,32,35.57,41.33,29,45,35.86,29.25,21,36,31.39,43.81,45.21,29.13,40.47,,62,38.5,21,41.89,28,42.63,37.32,40,25,29.21,35.6,45.42,41.5,26.84,28.5,29.8
2024-01-19,,45.2,42,31.25,,27.54,32,36,41.33,29,45,35.38,29.25,21,36,31.33,43.84,44.92,29.28,40.47,,62,38.5,21,41.89,28,42.63,37.68,40,25,29.39,34.5,45.33,41.6,26.85,28.5,29.8
2024-01-20,,45.2,,31.45,,27.51,32,36.83,41.33,29,,35.38,29.25,21,36,31.59,43.84,45.08,28.89,40.53,,54,38.71,21,37.5,28,42.63,38.2,40,24.86,28.56,35.6,44.83,41.7,26.89,28,29.11
2024-01-21,,45.25,,31.8,,27.5,32,37,41.33,29,,37.25,29.25,21,45,31.67,43.69,,29.05,40.53,,54,37.67,21,37.5,28,,36.67,,25,27.25,34,44.95,38.33,26.74,27,28.2
2024-01-22,,45.2,,31,,27.54,32,37.14,41.33,29,,35.6,29.25,21,32.6,30.94,43.94,45.46,28.83,40.58,,62,38.67,21,41.89,28,42.63,36.33,40,24.87,30.18,36,45.19,41.6,26.77,27,29.56
2024-01-23,,45.4,42,31.8,,27.63,32,37.43,41.33,29,45,35.67,29.25,21,36,31.31,44,45,29.2,40.63,,62,38.67,21,41.89,28,42.63,37.8,40,24.93,29.29,35.75,45.29,41.7,26.75,28.25,29.38
2024-01-24,,45.4,42,31.6,,27.56,32,36.25,41.33,29,45,35.5,28,21,34.5,31.44,44.03,45.38,28.91,40.63,,62,38.63,21,41.89,28,42.63,37.56,40,24.93,29.14,35.6,45.4,41.9,26.95,27.75,29.8
2024-01-25,,45.4,42,31.82,,27.73,32,39.4,41.33,29,45,35.14,29.25,21,34.5,31.59,44,46.23,29.2,40.53,,54,38.78,21,41.89,28,42.63,37.44,40,24.93,29.28,35.6,44.6,42,26.94,27.75,29.8
2024-01-26,,45.25,42,31.67,,28.08,32,35.4,41.33,29,,37.5,29.25,21,44,31.93,43.9,,28.9,40.53,,54,39,21,37.5,28,,36.57,40,24.77,28.75,35.75,45,42,26.84,27,29.38
2024-01-27,,46,42,31.67,,27.67,32,36.67,41.33,29,,36.75,29.25,21,36,30.94,43.9,45.36,29.05,40.47,,54,38.83,21,37.5,28,42.63,37.11,40,24.93,28.9,35.75,44.64,41.9,26.9,27.75,29.38
2024-01-28,,44.5,42,32.17,,27.83,32,37.14,41.33,29,,38,28,21,45,32.4,43.79,,29.06,40.47,,54,37.5,21,37.5,28,,36.43,,25.33,29.08,34,44.71,38.33,26.83,27,29
2024-01-29,,45.2,42,31.36,,27.82,32,36.25,41.33,29,45,35.14,29.25,21,36,31.5,43.88,45.57,28.84,40.37,,54,38.57,21,41.89,28,42.63,37.17,40,24.93,29.17,35.6,44.87,41.8,26.99,27.75,29.8
2024-01-30,,45.4,42,31.4,,27.66,32,36.13,41.33,29,45,35.29,29.25,21,34.33,31.56,43.81,45.36,29.04,40.42,,54,38.75,21,41.89,28,42.63,38,40,24.93,29.36,35.6,44.77,42,26.96,28,29.8
2024-01-31,,45.25,42,32,,27.59,32,36.25,41.33,29,45,36.4,29.25,21,36,31.56,43.84,45.62,28.98,40.26,,62,38.75,21,41.89,28,42.63,36.89,40,24.93,29.19,36.5,45.42,41.8,26.95,27.5,29.8
2024-02-01,,45.2,42,31,,27.79,32,35.88,40.67,30,44.5,35.13,28.75,21,36,31.18,43.77,,28.81,39.95,,62,38.5,21,42.43,28,42.63,38.2,40,24.93,29.61,36,44.91,41,26.59,28,29.8
2024-02-02,,45.4,42,31.6,,27.79,32,36.43,41.33,29,45,35.43,29.25,21,35,31.56,43.91,45.62,28.91,40.26,40,62,39,21,41.89,28,42.63,37.22,41,24.87,29.28,35.6,45.54,42,26.92,27.5,28.75
2024-02-03,,46.5,42,31.08,,27.3,32,36.17,41,29,,35.43,29.25,21,33.6,31.24,43.84,45.31,28.48,39.26,,54,38.6,21,37.5,25,42.63,37.38,41,24.64,29.3,35.75,44.77,42.1,26.64,27,29.22
2024-02-04,,44,42,31.31,,27.22,32,36.75,40.67,29,47.5,35.83,30,22,34.75,30.71,43.69,44.62,28.17,39.21,40,62,38.67,22,41.5,28,43.5,37.5,41,25,28.79,35.6,45.66,42.2,26.64,27.5,30.4
2024-02-05,,44.8,45,32.11,,26.74,,36,41.33,29,52,35.63,29.75,22,30,31.67,43.77,48,28.65,38.37,,55,38.67,22,41.5,28,42.63,37.21,41,24.8,28.96,35.6,45.13,42.6,25.9,26.75,30.4
2024-02-06,,45.5,45,32.14,,26.69,32,38,40.67,29,,38,26,22,34,31.8,43.52,,29.05,38.42,,51,37,22,37.5,28,,36,,25.45,29.43,36,45.5,38.67,25.8,24,28.83
2024-02-07,,44,45,32.58,,27.32,32,38.63,41.33,29,49.5,38.13,29.5,22,30.5,31.72,43.53,44.77,29.32,39.26,43,53,38.5,22,42.3,26,42.88,37.8,45,25.13,29.34,35.2,45.36,42.4,26.56,26.75,29.78
2024-02-08,,38.5,45,33,,27.48,31,34.38,41.67,30,52,37.17,27,22,31.25,30.53,42.41,44.9,28.77,39.89,45,53,39,22,42,26,42.88,36.63,48,25.92,29.68,37.6,45.19,41.22,26.45,28,30.22
2024-02-13,,45.4,42,31.25,,27.58,32,37.14,41.67,29,47,35.67,28,21,36,31.5,43.81,44,28.82,40.47,38,62,39,21,41.89,28,42.63,37.26,41,24.8,29.5,35.6,45.49,42,27.09,27.75,29
2024-02-14,,45.4,42,31,,27.8,32,37.33,41.67,29,47,35.29,28.5,21,34.6,31.38,43.77,45.5,28.91,40.37,40,62,39,21,41.89,28,42.63,36.88,41,24.93,29.38,35.6,45.46,41.7,27.04,28.33,29.25
2024-02-15,,45.4,42,31.25,,27.53,32,36,41.67,29,47,35.67,29.25,21,34.4,31.5,43.91,45.5,28.91,40.26,,62,39,21,41.89,28,42.63,38.11,41,24.8,29.07,35.6,45.35,42,26.87,27.5,29.7
2024-02-16,,45.4,42,31.45,,27.34,32,39.5,41.67,29,47,35.29,29.25,21,33.17,31.44,44,45.54,28.72,40.21,38,62,39,21,41.89,28,42.63,37.82,41,24.8,29.36,35.75,45.38,42.1,27.04,27.25,29.7
2024-02-17,,45.25,42,31.45,,27.51,32,37.2,41.67,29,,35.29,28,21,34.2,31.44,43.97,45.5,28.81,40.26,,54,38.8,21,37.5,28,42.63,36.89,41,24.79,28.78,35.6,45.16,42,26.96,27.5,30
2024-02-18,,45.33,42,31.2,,27.17,32,37,41.67,29,,38.67,28,21,34,31.7,44.03,,28.81,40.32,,54,38.67,21,37.5,28,,36.5,41,25.17,29.56,34,44.87,38.33,26.52,27,29
2024-02-19,,45.4,42,31.25,,27.43,32,36.38,42,29,48,35.29,29.25,21,34.2,31.56,44,45.46,28.74,40.16,40,54,39,21,41.89,28,42.63,37.33,41,24.87,29.55,35.6,45.19,41.9,26.91,25.33,28.25
2024-02-20,,45.4,42,31.15,,27.39,32,37.71,42,29,48,35.29,29.25,21,30,31.76,44,45.46,28.68,39.89,40,62,39,21,41.5,28,42.63,37.06,41,24.73,29.3,35.6,45.7,42.1,26.92,27.25,29.7
2024-02-21,,45.4,42,31.15,,27.63,32,36.29,42.33,29,48,35.43,28.33,21,34,31.56,44.03,45.77,28.64,39.89,40,62,38.88,21,41.89,28,42.63,37.11,41,24.73,29.07,35.6,45.72,41.8,26.91,27.75,29.7
2024-02-22,,45.4,42,31,,27.38,32,36.5,42.33,29,48,35.43,29.25,21,33,31.5,43.93,45.31,28.59,40,40,62,38.71,21,41.89,28,42.63,37.65,41,24.73,29.17,35.6,45.71,41.7,26.9,27.75,29.7
2024-02-23,,45.4,42,31.4,,27.3,32,37.43,42.33,29,48,34.67,28,21,33.17,31.5,44.19,45.25,28.76,39.79,,62,39,21,41.89,28,42.63,37.94,41,24.57,29.17,35.5,45.66,40.89,26.89,27.25,29.7
2024-02-24,,45.4,42,31.4,,27.52,32,37.14,42.33,29,,36,29.25,21,38,31.6,43.97,45.5,28.72,39.74,,55,38.8,21,37.5,27,42.63,37.56,,24.79,28.58,35.6,44.96,42.1,26.82,27.25,29.22
2024-02-25,,45,,32.17,,27.38,32,35.5,42.33,29,,37.5,28,21,33.5,31.91,44,,28.8,39.68,,54,38.67,21,37.5,26,,36.63,41,25,28.71,32,45.24,38,26.76,27,29.33
2024-02-26,,44.67,42,31.25,,27.55,32,36.63,41.67,29,48,35.43,29.25,21,33.8,31.18,43.88,45.83,28.78,39.68,,62,38.71,21,42.13,28,42.63,37.69,41,24.5,29.18,35.6,45.72,40.78,26.86,25.33,29.25
2024-02-27,,46,42,31,,27.38,32,36.75,41.67,29,48,36,28.33,21,33.6,31.44,43.84,45.29,28.61,39.63,40,62,38.88,21,41.89,28,42.63,37.06,41,24.8,29.52,35.6,45.66,42.1,26.8,27.75,29.7
2024-02-28,,45.25,,31.08,,27.38,32,36.75,41.33,29,48,35.43,29.25,21,33.6,31.5,43.84,45.21,28.81,39.68,40,62,38.89,21,41.89,28,42.63,36.56,41,24.73,29.37,35.6,45.79,41.8,26.84,27.75,29.9
2024-02-29,,45.25,42,31,,27.27,32,36.75,41,29,48,35.43,28,21,33.6,31.44,43.88,45.23,28.72,39.58,40,62,38.89,21,41.89,28,42.63,37.24,41,24.67,29.43,35.75,45.7,42.3,26.78,27.75,30
2024-03-01,,45.2,42,31,,27.78,32,36,41.67,29,44.5,35.57,28.75,21,32.75,31.44,43.77,46.25,28.85,40.16,,62,38.67,21,41.89,28,42.63,37.63,40,24.93,29.41,36,45.12,41.5,26.63,28,29.8
2024-03-02,,45.4,42,31.36,,27.71,32,37.33,41.33,29,,35.43,28,21,35.2,31.56,43.91,45.5,29,40.21,,54,38.6,21,37.5,28,42.63,36.71,41,24.86,28.36,35.5,45.15,41.9,26.99,27.5,28.38
2024-03-03,,46.5,42,31.5,,27.43,32,37.5,41,29,,37.5,29.5,21,37,31.18,43.8,,28.79,39.26,,54,38.33,21,37.5,28,,36.25,41,25.08,28,34,44.87,38,26.7,26,29.29
2024-03-04,,44,42,31.42,,27,32,36.88,40.67,29,47,36.6,29.75,22,33.2,31.39,43.53,44.62,28.17,39.61,40,62,38.67,22,41.5,28,42.63,37.13,41,25.07,28.9,35.6,45.7,42.4,26.61,28,30
2024-03-05,,44.8,,31.92,,27.03,32,36,41.33,29,49,35.75,29.75,22,32.33,31.44,43.72,46.27,28.67,38.42,40,67,38.5,22,41.5,28,42.63,37.53,41,24.8,29.13,35.6,45.88,41.44,25.92,26.5,30.5
2024-03-06,,44.4,45,32.25,,26.94,32,38.57,41,29,50,36.14,29.75,22,32.8,31.39,43.7,44.69,28.81,38.37,42,53,38.33,22,42.22,28,42.88,37,,25,29.17,35.2,45.06,42.8,26.03,27,30
2024-03-07,,44,45,33.15,,27.31,32,39.57,41.33,29,49.5,38.13,29.5,22,30.5,31.88,43.52,44.85,29.38,39.11,,64,38.13,22,42.3,28,42.88,36.94,45,25.33,29.41,35.2,46.1,42.3,26.53,26.5,30.44
2024-03-08,,41,45,32.86,,27.53,31,34.13,42,30,,37.29,27.25,22,32.5,30.72,42.29,,29.06,39.47,,52,38.71,22,42.25,28,42.88,37,48,25.87,29.11,37.6,44.62,40.8,26.73,27.25,30.13
2024-03-13,,46.4,42,31.25,,27.49,32,36.5,40.67,29,47.5,35.43,29.25,21,33,31.53,43.57,45.21,28.65,39.42,38,62,38.5,21,41.89,28,42.63,36.94,43,24.93,29.1,35.6,45.58,41.4,26.86,27.5,30.1
2024-03-14,,46.2,42,31.25,,27.41,32,36.5,40.67,29,47.5,35.43,29.25,21,32.67,31.39,44.03,45.07,28.6,39.47,40,62,38.67,21,42.63,28,42.63,36.94,43,24.86,29.15,35.6,45.76,41.5,26.82,27.5,30.1
2024-03-15,,46.75,,31.15,,27.53,32,36.25,41,29,47.5,36,29.25,21,32.8,31.18,43.75,45.31,28.53,39.47,,62,38.67,21,41.78,28,42.63,37.11,43,24.86,28.7,35.6,45.58,41.5,26.81,27.5,30.44
2024-03-16,,46.4,42,31.36,,27.28,32,36.17,41,29,,35.43,28,21,31.86,31.39,43.75,45.21,28.36,39.47,,54,38.5,21,37.5,28,42.63,36.44,,24.85,29.2,35.6,45.24,41.4,26.7,27,29.88
2024-03-17,,46.5,,31.8,,27.25,32,36.17,41,29,,40,26,21,34,31.6,43.74,,28.25,39.47,,54,38.25,21,37.5,25,,36.78,,25.33,28.86,34,44.88,38.33,26.71,25,29.71
2024-03-18,,46,42,31.45,,27.44,32,36.25,41,29,48,35.86,29.25,21,32.67,31.39,43.66,45.21,28.51,39.42,37,62,38.67,21,41.78,28,42.63,37.26,43,25.07,29.18,35.6,45.77,41.5,26.77,27,30.2
2024-03-19,,45.75,42,31.33,,27.34,32,36.25,41,29,48,35.86,29.25,21,32.83,31.39,43.66,45.14,28.5,39.42,36,62,38.63,21,41.78,28,43.29,36.94,41,24.93,29.34,35.6,45.62,41.6,26.82,27.5,30.2
2024-03-20,,45.2,,31.2,,27.36,32,36.25,41,29,48,35.86,29.25,21,33,31.44,43.56,44.85,28.47,39.11,36,62,38.5,21,41.78,28,42.63,36.94,41,25.07,29.11,35.6,45.7,41.6,26.81,27.5,30.11
2024-03-21,,45,42,31.33,,27.39,32,36.33,41,29,51,36.5,29.25,21,31.33,31.39,43.59,44.93,28.44,39.05,36,54,38.5,21,41.78,28,42.63,37,41,24.86,28.77,35.6,45.12,41.8,26.75,27,30.2
2024-03-22,,44.8,,31.9,,27.39,32,36.38,41,29,51,35.86,30.67,21,33.33,31.39,43.68,45,28.33,39.67,37,62,38.5,21,41.78,28,43,36.89,41,24.93,28.96,35.6,45.59,41.8,26.81,27.5,30.2
2024-03-23,,44.4,,32.11,,27.29,32,36.5,40.33,29,,38,29.25,21,33.4,31.39,43.65,45.42,28.5,39.05,,54,38.29,21,37.5,28,43,36,,25.07,29.27,35.6,44.96,41.8,26.76,27.5,29.56
2024-03-24,,44.33,42,32,,27.26,32,37.33,40.33,29,,38.67,26,21,38.5,31.5,43.48,,27.92,39,,54,38.33,21,37.5,28,,37.2,41,25.42,28.63,34,44.79,42.5,26.83,26,29.2
2024-03-25,,44.4,42,32,,27.37,32,33,40,29,,40,27,21,34.75,30.4,43.65,45.08,28,39.44,,62,38,21,41,45,43,35.78,41,24.75,27.83,40,45.77,34,26.54,,31
2024-03-26,,44.4,42,31.78,,27.13,32,36,40.33,29,49,35.86,29.25,21,33.17,31.33,43.69,44.79,28.3,38.74,,54,38.5,21,41.6,28,42.63,35.25,41,25.14,29.2,35.6,45.13,41.7,26.98,25.67,29.71
2024-03-27,,43.8,,31.55,,27.39,32,36.11,40.33,29,48,36.5,30,21,33.33,31.33,43.77,44.67,28.3,38.79,40,62,38.67,21,42.22,28,43,37.11,41,25,28.9,35.6,45.59,42.1,26.77,27.5,30.2
2024-03-28,,44,,31.31,,27.34,,36.5,40.33,29,48,36.5,30,21,33.17,31.28,43.9,,28.24,38.68,38,62,38.67,21,41.5,28,42.5,37.11,41,25.07,29.26,35.6,45.45,42.1,26.8,27.5,30.4
2024-03-29,,43.8,42,32,,27.24,32,36.5,40.33,29,,39,31.67,21,33.4,31.13,43.83,,27.71,38.84,,54,38.33,21,43.33,28,43,36.13,,25.07,29.64,35.67,45.14,42.33,26.71,26,30.43
2024-03-30,,44,42,31.42,,27.31,32,37,40.33,29,,36.5,29,21,31.33,31.28,43.81,45.08,28,38.79,,55,38,21,37.5,28,42.63,36.94,41,25.07,29.5,35.6,44.5,42,26.71,27.5,29.88
2024-03-31,,45,42,31.67,,27.16,32,36.5,40.33,29,,38.67,29,21,37,31.3,43.5,,28.26,38.84,,51,38.33,21,40,28,,36.25,41,25.73,28.88,34,45.05,38,26.81,26,29.63
2024-04-01,,45,42,30.6,,27.76,32,35.88,41,29,44.5,35.25,28.75,21,32.75,31.44,43.81,45.54,28.75,40.16,,62,38.67,21,41.89,28,43,38.13,40,25.07,29.57,36,45,41.7,26.62,28.25,29.8
2024-04-02,,45.33,42,32.17,,28.11,32,38,41.33,29,,38.67,28,21,46,32.27,43.86,,28.95,40.21,,54,38.75,21,37.5,27.5,,36.63,41,24.92,28.4,34,45.32,38.33,26.88,27,29.33
2024-04-03,,46.5,42,31,,27.33,32,36.75,41,29,48,35.43,28,21,33.4,31.44,43.88,45.58,28.66,39.53,43,54,38.89,21,41.89,28,42.63,36.93,43,24.73,29.07,35.67,45.3,41.8,26.77,27.5,30.1
2024-04-04,,43.75,,31.55,,27.31,32,36.88,40.67,29,47,35.86,31.33,22,32.67,31.39,43.78,44.33,28.2,38.89,40,62,38.67,22,41.5,28,42.63,37.18,41,25.07,29.17,35.6,45.88,42.4,26.49,28,30.4
2024-04-05,,44.5,45,31.78,,26.65,32,35.67,41.33,29,,35.86,29.75,22,30.2,31.5,43.84,45.55,28.36,38.58,,54,38.29,22,37.5,28,43,37.15,41,24.86,29.8,35.6,45.23,42.6,25.77,26.5,29.13
2024-04-06,,45,45,33.11,,26.68,32,39.25,41,29,50,36.67,29.75,22,30,31.47,44,44.5,28.59,38.42,,67,37.5,22,42,28,42.88,38,,25.07,29.55,35.2,45.5,40.86,26.13,27,30.11
2024-04-07,,43.5,45,33.08,,27.2,32,38.63,41.33,29,49.5,38.13,29.5,22,32.5,31.88,43.5,44.92,29.35,39.11,45,64,38.5,22,43.11,27,42.88,37.11,45,25.43,29.37,35.2,46.17,42.3,26.66,26.5,30.78
2024-04-08,,41.33,45,33.67,,27.81,31,34.67,41,30,,39.33,27.33,22,36,31.42,42.18,,29.07,39.47,,51,38.67,22,43,26,,36.78,,26,29.14,40,44.38,41,26.79,,30.17
2024-04-13,,44.2,43,31.6,,27.1,32,39.4,40.67,29,,38.25,28.67,22,35,31.39,43.77,,28.29,38.11,,62,38.4,22,37.5,28,42.63,35.63,,25.08,30.17,35.6,45.52,38.33,26.16,28.5,29.78
2024-04-14,,45.25,43,32.4,,26.95,32,36.6,40.67,29,,40,28.67,22,34,31.82,43.89,,28.48,38.11,,54,38.33,22,37.5,28,,36,,25.42,29,34,44.65,38.33,26.16,24,30
2024-04-15,,44.2,,32.22,,26.97,32,37.67,40.67,29,49,36.5,30.5,22,33,31.39,43.87,45.31,28.31,38.21,40,55,38.67,22,41.5,28,42.63,36.74,,24.93,29.15,35.6,45.13,42.7,26.3,27,30.56
2024-04-16,,44.6,44,31.5,,26.96,32,36.63,40.67,30,49,36.5,29.75,22,33.25,31.44,43.48,45.15,28.11,38.21,40,62,38.67,22,41.5,28,42.63,37.17,,25,29.07,35.6,45.68,42.4,26.22,27.67,30.4
2024-04-17,,45.75,45,31.5,,26.81,32,36.33,40.67,30,,36,29.75,22,30.5,31.54,43.84,45.15,28.16,38.05,40,62,38.5,22,41.5,28,42.63,36.44,,25,29.57,35.75,45.65,38.33,26.15,25,29.88
2024-04-18,,44.6,45,31.75,,26.92,32,36.63,40.67,30,49,35.8,29.75,22,32.8,31.44,43.77,45.23,28.18,38.11,40,55,38.5,22,41.67,28,42.63,37.2,41,25.21,28.91,35.75,45.04,42.7,26.2,26.75,30.4
2024-04-19,,44.6,45,31.11,,26.83,32,37.14,40.67,30,49,36.17,28.67,22,32.8,31.59,43.88,44.5,28.04,38.05,,55,38.6,22,41.67,28,43.33,36.59,,25,28.69,36,45.25,42.5,26.18,24,30.4
2024-04-20,,44.6,45,32.38,,26.7,32,37,40.67,30,,35.17,30,22,31.71,31.44,43.84,44.42,28.23,38.11,,55,38.67,22,37.5,28,42.63,37,,25,29.63,35.75,45,42.4,25.96,26.75,30.43
2024-04-21,,45.75,45,32,,26.75,32,37.14,40.67,30,,40,30,22,35,31.8,43.9,,28.29,38.16,,54,38.33,22,40,28,,36,,25.42,29.17,34,44.53,38.33,25.92,,30.17
2024-04-22,,44.6,45,31.36,,26.92,32,36.38,40.67,30,52,35.71,30,22,32.67,31.41,43.73,45.23,28.34,38.37,40,62,38.67,22,41.5,28,43,37.17,,25.07,28.97,35.6,45.64,42.5,26.1,26.75,30.4
2024-04-23,,44.6,,31.1,,26.73,32,37.57,40.67,29,49,35,30,22,29.6,31.44,43.87,45.08,28.33,38.32,,62,38.67,22,41.5,28,42.63,37.25,,25,29.04,35.6,45.8,42.3,26.08,27.33,30.33
2024-04-24,,44.6,45,31.38,,26.92,32,36.38,40.67,29,46,34.5,30,22,30.2,31.5,43.84,45.08,28.39,38.32,40,62,38.67,22,41.5,28,42.63,37.16,,25,28.85,35.6,45.74,42.4,26.08,26.75,30.33
2024-04-25,,45.4,45,31.38,,26.89,32,36.71,41,29,49,36,31.67,22,30.4,31.44,43.83,44.83,28.43,38.21,40,55,38.67,22,41.5,28,43,37.16,,24.87,29.26,35.6,45.25,42.6,26.04,26.75,30.33
2024-04-26,,45,45,31.2,,26.8,32,35.71,41,29,49,35.43,30,22,30.5,31.59,43.78,,28.6,38.42,40,67,38.67,22,41.5,28,43.5,37.95,,24.87,29.47,35.6,45.79,42.5,25.91,26.5,30.75
2024-04-27,,44.8,45,31.91,,26.93,,36,41,29,,37.25,29,22,33,31.39,43.81,44.8,28.34,38.42,,55,38.29,22,37.5,28,45,36.71,,24.86,30.5,35.75,45.29,42.6,25.9,27,29.78
2024-04-28,,46,,32.17,,26.74,32,39.25,41,29,,36,31,22,36.33,31.23,43.81,,28.59,38.42,,54,38.33,22,37.5,28,,36.2,,25.08,29.29,34,44.35,38.33,25.9,23,28.83
2024-04-29,,44.8,45,31.67,,27,32,36.57,41,29,49,34.6,29.75,22,31.67,31.44,43.71,45.42,28.7,38.42,40,67,38.67,22,41.5,28,42.63,36.94,,24.73,29,35.6,46.13,42.7,26.01,26.5,30.4
2024-04-30,,44.8,,31.58,,26.83,32,36,41.33,29,49,36.14,29.75,22,32.33,31.39,43.69,45,28.63,38.16,40,67,38.67,22,41.5,28,42.63,37.94,,24.73,28.72,35.6,45.78,42.6,25.93,26.5,30.4
2024-05-01,,45,42,30.91,,27.72,32,35.75,40.67,29,44.5,35.14,28,21,32.75,31.18,43.81,45.36,28.87,40.16,,54,38.5,21,41.89,28,42.63,37.63,40,25,29.24,36,44.69,41.7,26.65,28.25,29.11
2024-05-02,,45.6,42,31.1,,27.71,32,36.13,41.33,29,45,35.67,29.25,21,34.6,31.5,43.91,45.5,28.93,40.26,40,62,38.75,21,41.89,28,42.63,37.58,,24.8,29.34,35.5,45.56,41.7,27.04,28.33,29.8
2024-05-03,,46.2,42,31,,27.26,32,36.75,41,29,48,36,29.25,21,33.2,31.47,43.84,45.14,28.8,39.47,43,54,38.89,21,41.89,28,42.63,36.78,43,24.73,29.1,35.75,45.18,41.6,26.77,27,30.1
2024-05-04,,45,42,31.67,,27.11,32,38.17,40.67,29,48.5,36.5,28.33,22,35.33,31.47,43.69,46.08,28.17,38.74,40,62,38.67,22,41.5,28,42.63,37.37,41,25.13,29.11,35.6,45.72,38,26.51,27,30.4
2024-05-05,,46,45,32.6,,26.95,32,36.5,41.33,29,,38.33,28.67,22,37,31.91,43.83,,28.75,38.58,,54,37.5,22,37.5,28,,36,41,25.17,28,34,45,38.33,25.65,23,29.71
2024-05-06,,44.4,45,32.33,,27.03,32,38.57,41,29,48,36.71,29.75,22,30,31.53,43.75,45,28.88,38.32,45,67,38.5,22,42,28,42.88,36.88,45,24.86,28.96,35.2,45.94,42.4,26.15,27,30.1
2024-05-07,,44.4,,32.93,,27.38,32,37.78,41.33,29,49.5,37.5,29.5,22,31,31.82,43.32,44.83,29.43,39.21,45,64,38.6,22,42.3,26,42.88,36.95,45,25.33,29.52,35.2,46.21,42.3,26.73,26.75,30.5
2024-05-08,,40.4,45,33.64,,27.9,31,34.13,42,30,50,37.33,27.25,22,31,30.5,42.34,44.6,28.96,39.42,45,62,38.67,22,42.5,28,42.57,37.53,48,25.93,29.11,37.6,45.57,40.4,26.75,27.25,30
2024-05-13,,,45,31.36,,26.97,32,36.43,41.33,29,49,36.5,29.5,22,28,31.5,43.55,45,28.59,39.05,40,67,38.44,22,41.5,28,42.88,37.6,41,24.93,28.82,35.6,45.97,38,25.73,26.75,30.75
2024-05-14,,44.4,45,32.1,,26.61,32,34.83,41.33,29,49,37.2,29.5,22,30.8,31.44,43.57,44.93,28.64,39,40,54,38.44,22,41.5,28,42.88,36.76,44,24.87,29.07,35.6,45.1,42.4,25.85,26.5,30.33
2024-05-15,,44.4,45,31.67,,26.74,32,37.43,40.67,29,52,36.2,29.5,22,30.6,31.44,43.59,44.77,28.74,38.95,40,67,38.44,22,41.5,28,42.88,37.32,44,24.93,28.86,35.6,45.75,42.7,25.91,26.5,29.67
2024-05-16,,44.4,,31.67,,26.54,32,37.25,40.67,29,49.5,37.25,28.33,22,32.67,31.5,43.69,44.85,28.57,38.84,40,67,38.44,22,41.5,28,43.29,37.06,44,24.93,29.1,35.75,45.47,42.4,25.93,24.67,30.2
2024-05-17,,44,45,31.64,,26.64,32,37.63,40.67,29,49.5,37.2,28.33,22,32.5,31.5,43.62,45.17,28.69,38.84,40,67,38.56,22,41.5,28,42.88,37.06,45,24.93,28.9,35.6,45.73,42.7,25.93,27,30
2024-05-18,,44,45,31.67,,26.79,,37.67,40.67,29,,35.33,26,22,32.8,31.56,43.73,45.58,28.67,38.84,,54,38.14,22,37.5,28,42.88,36.53,45,24.86,30.22,35.6,45.05,42.4,25.86,27,29.33
2024-05-19,,45.33,,32.4,,26.74,32,38.4,40.67,29,,37.67,27,22,38,31.22,43.43,,28.72,38.89,,51,37.67,22,37.5,28,,35.83,45,25.08,29.6,34,44.56,41.5,25.75,23,29
2024-05-20,,44.4,,31.4,,26.71,32,38,40.67,29,49.5,36.17,28.33,22,31.25,31.41,43.59,45.23,28.67,38.68,40,67,38.56,22,41.9,28,42.88,36.57,45,24.87,29.1,35.6,45.84,42.6,26.05,27,30
2024-05-21,,44.4,45,31.58,,26.81,32,38.86,40.67,29,49,35.57,28.33,22,30.25,31.5,43.55,45.36,28.75,38.79,40,52,38.56,22,42,28,42.88,37.15,45,24.85,28.93,35.6,45.09,42.4,25.97,27,30
2024-05-22,,44,,32.1,,26.86,32,38.38,40.67,29,49,37,28.33,22,32.67,31.44,43.7,45,28.73,38.68,40,53,38.56,22,42,28,42.88,36.64,45,24.93,29.16,35.6,45.18,42.6,25.97,27.33,30
2024-05-23,,44.4,45,32.5,,26.5,,38.8,40.67,29,49,36,29.5,22,40,31.38,43.58,45.25,28.73,38.68,40,53,38.38,22,41.25,28,42.88,36.17,45,24.87,28.97,35.75,45.06,42.6,25.83,27.33,29.33
2024-05-24,,44.4,45,31.91,,26.97,32,38.38,40.67,29,49,35.63,29.5,22,30.25,31.59,43.63,45.64,28.55,38.63,40,67,38.56,22,42,28,42.88,37.23,45,24.62,29.07,35.6,45.73,42.3,25.86,27,30
2024-05-25,,44.4,,31.75,,27.03,32,38.8,40.67,29,,36.67,30,22,30.25,31.41,43.59,45,28.55,38.63,,51,38.14,22,37.5,27,42.88,36.4,,25,28.86,35.75,44.61,42.3,25.73,27,29.75
2024-05-26,,45.33,45,31.6,,26.67,32,38.8,40.67,29,,40,26,22,32.5,32,43.53,,28.85,38.63,,51,37.67,22,37.5,27,,36.43,45,25.25,29.67,36,44.88,37.33,25.81,23,29.43
2024-05-27,,44,45,31.46,,27.06,32,38.43,40.67,29,49,35.63,29.5,22,30,31.44,43.48,45.17,28.77,38.78,40,67,38.44,22,42,28,42.88,37.13,45,25.07,28.77,35.6,45.62,42.11,25.95,27.25,29.33
2024-05-28,,44.4,45,31.91,,27.03,32,38.38,40.67,29,49,35.63,29.75,22,30.25,31.33,43.56,44.69,28.53,38.53,,67,38.44,22,42,28,43.29,37.35,45,25,29.18,35.6,45.81,42.4,25.89,27,30.44
2024-05-29,,44.4,45,32.6,,26.92,32,38.38,40.67,29,49,35.43,29.75,22,32.8,31.39,43.5,44.5,28.81,38.42,,67,38.44,22,41.67,28,42.88,36.94,45,25,29.26,35.6,45.58,42.7,26.01,27,30
2024-05-30,,44.4,,32.08,,26.94,32,38.38,40.67,29,46,35.88,29.75,22,30.25,31.44,43.56,45.18,28.48,38.42,,67,38.44,22,42,28,43.29,37.27,45,25,28.84,35.6,45.74,42.4,26.04,27,30
2024-05-31,,44.4,45,32.15,,26.89,32,38.25,40.67,29,49,35.5,29.75,22,30.75,31.39,43.63,45.18,28.83,38.58,,67,38.56,22,42,28,42.88,37.65,45,25,29,35.6,45.62,42.7,26.03,27,30
2024-06-01,,45,42,30.91,,27.67,32,36.71,40.67,29,,35.25,28.75,21,32.8,31.44,43.75,45.36,28.87,40.21,,54,38.71,21,37.5,28,42.63,37.63,40,25.07,29.2,36,44.78,41.7,26.74,28.5,29.8
2024-06-02,,45.4,42,31.6,,27.64,32,36.13,41.67,29,47,35.67,29.25,21,34.6,31.61,43.9,45.54,28.96,40.26,36,54,38.75,21,41.89,28,42.63,37.35,41,24.86,29.34,35.6,45.06,41.8,27.08,27.5,29.7
2024-06-03,,46.2,,31.08,,27.42,32,36.88,41,29,48,35.43,29.25,21,33.4,31.44,43.73,45.14,28.76,39.47,36,54,38.67,21,41.89,28,42.63,37.16,43,24.73,29.11,37,45.28,41.8,26.81,27.75,30.2
2024-06-04,,44.4,42,31.42,,27,32,39.33,40.67,29,,36.5,28.67,22,33,30.75,43.69,45.08,28.3,38.68,,55,38,22,37.5,28,42.63,36.94,41,25.07,29.43,35.6,44.96,42.5,26.25,27.5,29.13
2024-06-05,,44.8,45,32.5,,26.74,32,35.88,40.5,29,49,36.8,28.67,22,31,31.24,43.75,44.85,28.66,38.63,,54,38.67,22,41.5,28,42.88,37.33,41,24.93,29,35.6,45.16,42.3,25.85,27,30.4
2024-06-06,,44,45,32.15,,26.69,32,38.57,41,29,48,38.14,30.5,22,29.8,31.39,43.81,44.83,28.85,38.26,45,67,38.25,22,42,28,42.88,36.67,45,25.2,29,35.2,45.88,42.7,26.12,26.75,30.1
2024-06-07,,44.25,45,33.23,,27.39,32,39.33,41.33,29,,38.13,28.5,22,30.8,31.94,43.5,45,29.61,39.32,,52,38.25,22,35,27,42.88,37.05,45,25.47,30.45,35.2,45.26,42.2,26.63,26.75,30
2024-06-08,,40.4,45,33.08,,27.83,32,33.88,41.67,30,50,37.71,26.33,22,32.5,30.71,41.97,45.75,28.9,39.37,42,53,38.67,22,42.5,26,42.88,36.5,48,25.93,29.13,37.8,44.89,40.4,26.88,27.25,29.9
2024-06-13,,44.4,45,32.62,,27.09,32,38.38,41.33,29,48,37.75,30,22,32,31.59,43.72,44.85,28.75,38.42,45,67,38.4,22,42,28,43.29,37.5,45,25.14,29.17,35.2,45.72,42.7,26.14,24.67,30
2024-06-14,,42.75,,32.54,,27.15,32,37.57,41.33,29,48,37.88,30,22,32,31.5,43.59,44.67,28.83,38.42,43,67,38.4,22,42.1,28,42.88,37.63,45,25.07,29.29,35,45.97,42.5,26.11,27.33,30.1
2024-06-15,,44.4,45,32.5,,27.11,32,38.6,41.33,29,,38.29,28.67,22,30,31.44,43.61,44.67,29.13,38.42,,53,37.75,22,37.5,28,42.88,37,45,25.21,28,35,45,42.8,26.06,26.75,29.75
2024-06-16,,45.5,45,32.43,,27.5,32,38.6,41.33,29,,39.33,26,22,35,32.18,43.6,,28.71,38.42,,51,37.33,22,37.5,28,,37.25,45,25.67,29.5,33.5,45,38.33,26.05,24,30
2024-06-17,,44.4,45,32.75,,26.81,32,38.75,41.33,29,,40.75,30,22,30,31.87,43.74,,28.9,38.47,,51,38.43,22,41.57,27.5,42.88,37.11,45,25.29,30.33,35,44.56,38.33,26.27,24.5,29.56
2024-06-18,,44.4,45,32.75,,27.19,32,39.29,41.33,29,48,38.5,30.25,22,30,31.5,43.43,44.85,28.94,38.63,,53,38.4,22,42.1,28,42.88,36.44,45,25.27,29.6,35,44.97,42.6,26.14,27.33,30.1
2024-06-19,,43.8,45,32.77,,27.24,32,37.57,40.5,29,48,37.88,29.5,22,30.5,31.56,43.72,44.5,29.17,38.74,43,67,38.3,22,42.1,28,42.88,37,45,25.2,28.86,35.2,45.76,43.22,26.15,26.75,30.56
2024-06-20,,44.4,45,32.69,,27.18,32,38.5,41.33,29,48,38.43,29.25,22,33.2,31.61,43.63,44.62,29.15,38.79,43,51,38.3,22,42.1,28,42.88,37.06,45,25.2,28.91,35.2,45.13,42.2,26.18,26.75,30.2
2024-06-21,,42.75,45,32.27,,27.37,32,38.25,41.33,29,48,38.17,27,22,33,31.76,43.77,44.55,29.19,38.95,43,64,38.22,22,42.1,28,42.88,37.71,45,25.21,29.52,35.2,45.73,42.2,26.24,26.5,30.2
2024-06-22,,44.4,45,33.1,,27.04,32,39,41.33,29,,40,29.25,22,32.5,31.61,43.8,44.83,29.05,38.84,,53,38,22,40,28,42.88,38,45,25.14,28.33,35.2,45.17,42.1,26.18,24.5,30
2024-06-23,,45.33,45,33,,27.24,32,37,41.33,29,,37.5,27.33,22,34.5,31.56,43.7,,29.29,38.84,,52,37.33,22,40,26,,36.43,,25.5,29.33,34,44.56,38.75,26.33,,29.71
2024-06-24,,44.4,45,32.79,,27.26,32,38.17,41.33,29,48,38,29.25,22,32.8,31.76,43.69,44.58,29.34,39,43,52,38.22,22,42.1,28,42.88,37.1,45,25.2,29.32,35.2,45.28,42.3,26.32,26.5,30.2
2024-06-25,,44.4,45,32.77,,27.22,32,38.17,41.33,29,48,38,30,22,32.33,31.76,43.59,44.77,29.09,38.95,43,52,38.4,22,42.1,28,42.88,37.47,45,25.2,29.21,35.2,45.03,42.2,26.42,26.5,30.67
2024-06-26,,44,45,33.08,,27.12,32,38.17,41.33,29,48,38,30,22,32.6,31.67,43.55,45.27,29.31,38.95,43,53,38.4,22,42.3,28,43.25,37.25,45,25.21,29.44,35.2,44.97,42.3,26.33,26.5,30.2
2024-06-27,,43.8,45,32.87,,27.3,32,37,41.33,29,48,38,29.25,22,30.25,31.72,43.55,44.85,29.29,39,,52,38.3,22,42.5,28,42.88,37.1,45,25.2,29.43,35.2,45.09,42.1,26.45,26.5,30.13
2024-06-28,,43.8,45,33.08,,27.03,32,37.5,41.33,29,48.5,38.57,29.5,22,32.6,31.67,43.39,45.36,29.28,39.05,,64,38.5,22,42,26,42.88,38.39,45,25.13,29.48,35.2,46.19,42.1,26.47,26.5,29.78
2024-06-29,,44,45,33,,27.37,,39.5,41.33,29,,38.13,27.33,22,30.5,31.82,43.45,45.17,29.02,39.16,,52,38,22,37.5,26,43.29,37.5,45,25.14,30,35.25,44.76,42.7,26.35,26.5,29
2024-06-30,,44.67,45,32.4,,27.53,32,40.25,41.33,29,,42,27.33,22,39,32.7,43.57,,29.2,39.16,,52,37.33,22,37.5,26.5,,36.33,45,25.5,29.14,34,44.76,40.67,26.51,,29
2024-07-01,,45,42,32.17,,27.6,32,37.17,41,29,,37.5,28.75,21,39,32.4,43.71,,28.77,40.32,,54,37.67,21,37.5,27,,36.3,,25.33,29.5,34,44.7,42,26.58,28,29.33
2024-07-02,,45.4,42,31.6,,27.77,32,36,41.67,29,47,35.29,29.25,21,33,31.71,43.91,45.75,28.89,40.16,40,62,38.88,21,41.89,28,42.63,37.47,41,24.8,29.07,35.6,45.51,40.88,27.07,27.5,30
2024-07-03,,45.5,42,31,,27.31,32,36.56,41.33,29,48,35.43,29.25,21,33.2,31.44,43.8,45.25,28.73,39.47,39,62,38.67,21,41.89,28,42.63,37,43,24.73,29.14,35.75,45.62,41.7,26.89,27,30.2
2024-07-04,,45.33,43,32.43,,26.95,32,36.5,40.67,29,,38,26,22,32.5,31.73,43.84,,28.18,38.68,,54,39,22,37.5,25,,35.5,41,25.58,29.2,34,44.89,38,26.4,,28.83
2024-07-05,,44.5,45,32.5,,26.8,32,38.2,41.5,29,,36.75,29.5,22,30.5,31.5,43.71,44.85,28.81,38.74,40,67,38.67,22,41.5,26,42.88,37.5,,24.93,29.07,34.5,45.72,42.3,25.88,26.75,30.4
2024-07-06,,44.4,45,32,,26.94,32,37.8,41,29,48,37.63,30,22,28,31.53,43.73,44.67,28.85,38.32,41,67,38.5,22,42,28,42.88,36.89,45,25,29.39,35.2,45.91,42.7,26.11,27.67,30.1
2024-07-07,,45.67,45,33,,26.95,32,38.4,41.33,30,,39.67,27.33,22,40,32.9,43.48,,29.43,39.37,,52,37.67,22,,26,50,36.25,45,25.83,30.25,34,44.44,43,26.89,24,28.83
2024-07-08,,40.2,45,33.31,,27.58,32,33.86,40.33,30,50,36.86,27.5,22,32.5,30.59,42.03,45.5,28.94,39.42,,53,38.89,22,42,26,42.88,36.95,48,25.87,29,37.8,45.2,40.5,26.88,27.25,29.9
2024-07-13,,42.75,45,33.5,,27.41,32,38.83,41.33,29,,41,29,22,30.75,31.5,43.29,,29.55,39.37,,52,38.14,22,35,28,42.88,36.22,,25.64,29.73,37.75,44.85,40.67,26.86,24,30
2024-07-14,,44.25,45,33.67,,27.7,32,38.83,41.33,30,,39.33,29,22,38,32.5,43.14,,29.52,39.32,,52,37.67,22,35,28,,36.63,47,26.08,29,40,44.47,41,26.88,,30.29
2024-07-15,,42.25,45,33.54,,27.42,32,38,42,30,49,39.33,29,22,30.6,31.44,43.25,45.62,29.62,39.32,45,64,38.8,22,42.4,28,43.29,37.15,47,25.67,29.76,37.4,46.1,42.2,26.78,26.75,30.4
2024-07-16,,43,,33.27,,27.47,30,38.13,42,30,49,39.5,30,22,30.75,31.33,43.25,,29.66,39.37,45,52,38.8,22,42.4,28,41.86,37.29,47,25.64,29.46,38,45.5,42.2,26.77,27.33,30.6
2024-07-17,,43,45,33.5,,27.5,31,37.78,41.67,30,49,39,30,22,30.75,31.28,43.31,45.29,29.48,39.32,45,53,38.8,22,42.4,28,42.88,37.29,47,25.8,29.46,37,45.53,42.2,26.77,27.33,30.5
2024-07-18,,43,45,33.21,,27.46,31,38,42.33,30,49,38.75,30.25,22,32.33,31.41,43.19,45.57,29.73,39.26,45,52,38.8,22,42.4,28,42.88,37.29,47,25.73,29.59,37.25,45.4,42.1,26.82,27.33,30.4
2024-07-19,,43.75,45,33.23,,27.5,31,38,42.33,30,49,38.75,30.25,22,30.75,31.44,43.24,45.18,29.73,39.26,45,64,38.8,22,43.22,28,42.88,37.1,47,26,29.35,37,45.87,42.1,26.81,26.75,30.4
2024-07-20,,40,45,33.38,,27.63,31,39,42.33,30,,38.63,27.67,22,30.75,31.17,43.31,45.25,29.65,39.26,,52,38.5,22,35,27,42.88,36.95,,26.13,31.25,37,44.67,42.1,26.82,27.33,30.5
2024-07-21,,42.25,45,33.5,,27.53,31,39.4,42,30,,43.33,27.67,22,32,32,43.32,,29.52,39.37,,49,38,22,35,27,,36.67,47,26.17,30.6,40,44.29,43,26.77,,30.83
2024-07-22,,42.5,45,33.21,,27.5,31,37.67,42,30,49,38.5,30.33,22,30.8,30.89,43.25,45.21,29.77,39.32,42,64,38.9,22,42.11,28,42.88,37.63,47,26.07,29.38,37,45.91,42.2,26.8,27.33,30.4
2024-07-23,,42.5,45,32.85,,27.47,31,36,42,30,49,39.14,28.75,22,31.5,30.94,43.25,45.21,29.5,39.42,42,64,38.9,22,42.11,26,43.29,37.53,47,26.07,29.57,37,45.93,42.1,26.82,26.75,30.5
2024-07-24,,42.5,45,32.92,,27.49,31,35.33,41.67,30,49,38.5,28,22,31.75,30.76,43.13,45.54,29.38,39.37,42,64,38.8,22,42.4,28,42.88,37.1,47,26.13,29.03,37,45.84,42.2,26.78,26.75,30.3
2024-07-25,,43.2,45,32.79,,27.57,32,34.89,41.67,30,49,38.63,28.25,22,31.75,30.78,43.06,45.21,29.33,39.17,42,64,38.9,22,42.4,26,42.88,36.95,47,25.93,29.06,37,45.87,42.1,26.73,27.33,30.2
2024-07-26,,42,45,33.07,,27.49,31,35,42.33,30,49,38.63,27.75,22,30.4,30.78,42.87,44.58,29.42,39.47,42,62,38.9,22,42.4,28,42.88,37.85,47,26.08,29.61,37,45.75,42.8,26.8,26.75,30.2
2024-07-27,,39.5,45,32.88,,27.53,31,35,41.67,30,,40.6,28,22,30.4,30.88,43.03,44.5,29.36,39.53,,52,38.63,22,35,26,42.88,36.18,47,26,28.63,37.5,44.38,41,26.74,24.33,29.78
2024-07-28,,39,45,33.67,,27.81,31,37.2,41.67,30,,42,27.67,22,34,31.8,42.82,,29.51,39.53,,52,39.5,22,35,27.5,,36.44,47,26.1,28.83,40,44.18,43.5,26.68,,30.33
2024-07-29,,40.4,45,32.77,,27.69,31,34.67,41.67,30,49,38.5,27.5,22,30.4,30.89,42.81,46.31,29.21,39.53,42,62,38.9,22,42.11,26,42.88,37.05,47,26.08,29.31,37,45.76,41.75,26.73,27,30.2
2024-07-30,,40.4,45,32.79,,27.57,31,33.63,42.67,30,50,38.63,27.5,22,30.4,30.83,42.58,45.8,29.28,39.42,42,62,38.8,22,42.56,28,43.29,37.4,47,26,29.52,37,45.69,41.5,26.79,27,30.2
2024-07-31,,40.4,45,33,,27.54,31,33.88,41.67,30,50,38.88,27.5,22,31,30.83,42.48,45.17,29.32,39.42,42,62,38.8,22,42.4,26,42.88,37.26,47,26.07,29.48,37,45.57,41.4,26.76,27,30.2
2024-08-01,,44.6,42,30.91,,27.54,32,35.78,40.67,29,45,35.25,28.75,21,36.4,31.24,43.78,45.54,28.93,40.37,,62,38.67,21,41.89,28,42.63,37.24,40,25,29.37,35.75,44.97,41.7,26.67,28.5,29.8
2024-08-02,,45.4,42,31.15,,27.63,32,36.43,41.67,29,47,35.29,29.25,21,38.33,31.61,43.81,45.5,28.91,40.16,40,54,39,21,41.5,28,42.63,37.32,41,24.73,29.7,35.6,44.94,42,27.05,27.75,29
2024-08-03,,47.33,42,31.5,,27.39,32,37.67,41.33,29,48,36.6,29.25,21,32,31.13,44.03,,28.27,39.42,40,54,38.67,21,41.89,28,42,35.89,43,24.69,27.86,35.75,45.5,44.5,26.93,26,29.56
2024-08-04,,44.2,43,31.42,,27.13,32,37.29,40.67,29,49,35.86,29.75,22,33,31.06,43.72,45.14,28.26,38.63,40,62,38.67,22,41.11,28,42.63,37.15,41,25,29,35.6,45.68,42.33,26.35,28,30.67
2024-08-05,,44.5,45,32.13,,26.89,32,35.88,41.33,29,49,35.86,29.5,22,32.67,31.5,43.74,44.85,28.71,38.84,40,67,38.56,22,41.5,28,42.88,37.11,41,24.93,29.07,35.6,45.66,42.3,25.86,24.33,29.88
2024-08-06,,44,45,32.44,,26.94,32,38.5,41,29,,38.83,28.67,22,31.5,32,43.9,,28.5,38.37,,53,38.43,22,37.5,27.5,42.88,37.25,,25.07,30,35.25,44.91,42.5,26.01,24,29.44
2024-08-07,,44.6,45,33.08,,27.46,32,38.38,41.67,29,49.5,38,29.5,22,31,31.88,43.39,45.07,29.71,39.32,,64,38.33,22,42.3,26,42.88,36.78,45,25.6,29.39,35.2,46,42.4,26.64,26.75,30.5
2024-08-08,,38.5,45,33.62,,27.58,31,34.11,40,30,49.5,37,27.75,22,31.2,30.59,41.87,45.54,28.85,39.16,42,53,38.89,22,42.6,26,42.57,37.14,48,26,29.03,37.25,45.19,40.3,26.86,27.25,29.5
2024-09-01,,44.6,42,30.91,,27.57,32,36,40.67,29,45,35.57,28.75,21,34.83,31.33,43.81,45.83,28.91,40.37,,62,38.56,21,41.89,28,42.63,37.4,,25.07,29.57,35.8,45.03,41.5,26.65,28.25,29.22
2024-09-02,,45.4,42,31.15,,27.61,32,36.38,41.67,29,46.5,35.29,29.25,21,30.6,31.18,43.81,45.46,28.91,40.21,40,62,39,21,41.89,28,42.63,37.35,41,24.73,29.2,35.75,45.46,41.9,27.04,26,29.7
2024-09-03,,47,,32,,27.31,32,36.2,40.67,29,,37.33,26,21,33.33,31.39,43.84,,28.39,39.42,,54,38.33,21,37.5,28,42.63,36.88,43,24.79,28.45,35.75,44.5,34.5,26.71,25.67,29.56
2024-09-04,,45,43,31.64,,27.11,32,37.29,40.67,29,,35.83,29.75,22,30.33,31.22,43.77,44.85,28.24,38.47,,54,38.67,22,41.5,28,42.63,36.94,41,25,29.17,35.6,45.44,42.5,26.3,28,30.4
2024-09-05,,44.5,,31.91,,26.64,32,35.88,41.33,29,49,35.86,29.5,22,33.4,31.5,43.87,45.14,28.71,38.95,40,67,38.44,22,41.5,28,42.88,36.94,41,24.93,29.08,35.6,45.81,42.8,25.85,24.33,30.4
2024-09-06,,45.33,45,32.5,,26.94,32,37.67,41,29,,39.8,28.67,22,37,32,43.83,,28.62,38.37,,51,37.33,22,40,27,,37.11,45,25.42,28.6,34,44.94,42.5,26,,28.67
2024-09-07,,44.6,45,33.27,,27.41,32,38.38,41.67,29,49,38.71,30.75,22,32.67,31.82,43.41,45.14,29.62,39.32,45,64,38.5,22,42.4,27,42.88,37.53,45,25.67,29.34,37.25,46.29,42.2,26.68,26.75,30.5
2024-09-08,,41,45,34.29,,27.52,,33.14,40,30,49.5,36,27.5,22,31.2,30.92,42,45.82,28.63,39.05,42,53,38.89,22,42.6,26,43.57,36.94,48,26,28.5,37.8,45.28,40.3,26.76,29.5,30
2024-10-01,,44.8,42,31.25,,27.59,32,36.71,40.67,29,45,35,28.75,21,34.83,31.39,43.75,45.62,28.98,40.32,,62,38.5,21,41.5,28,43,37.4,40,25.13,29.33,35.6,45.12,41.5,26.57,27.75,29.8
2024-10-02,,45.4,42,32.14,,27.69,32,37,41.33,29,,36.6,28,21,33,31.5,43.8,,28.38,40.21,,54,38.8,21,37.5,28,42.63,35.75,41,24.79,29,35.67,45.11,42,27.19,26,29.38
2024-10-03,,47.67,42,31.86,,27.55,32,36.17,40.67,29,,37.5,28,21,36,31.82,43.82,,28.63,39.47,,54,38.25,21,37.5,28,,35.71,,25.08,28.89,34.33,45.04,42,26.66,26,29.71
2024-10-04,,43.75,43,31.46,,27,32,36.5,40.67,29,52,36.4,29.75,22,30,31.44,43.75,,28.33,38.42,40,62,38.67,22,41.5,28,42.63,37.11,41,25,30,35.6,45.58,42.6,26.34,28,29.13
2024-10-05,,44.8,45,31.82,,26.66,32,36.13,41.33,29,49,36.4,28.33,22,33.4,31.65,43.65,45.17,28.64,39.16,40,67,38.56,22,41.5,28,42.88,37.75,41,24.86,28.86,35.6,45.65,42.7,25.82,24.33,30.4
2024-10-06,,44.4,45,32.55,,27,,39,41,29,48,37.29,31.67,22,30,31.39,43.75,44.92,29,38.58,45,67,38.4,22,42,28,42.17,37.69,45,25.14,29.3,35.2,45.84,42.7,26.07,26.75,30.1
2024-10-07,,44.6,45,33.14,,27.49,,39.14,41.67,29,49,38.71,30.75,22,31,31.56,43.39,44.92,29.63,39.11,45,64,38.6,22,41.56,28,42.88,37.5,47,25.67,29.41,36.8,46.19,42.2,26.76,26.75,30.5
2024-10-08,,41,45,34.29,,27.52,,33.14,40,30,49.5,36,27.5,22,31.2,30.92,42,45.82,28.62,39.05,42,53,38.89,22,42.6,26,43.57,36.94,48,26,28.5,37.8,45.28,40.3,26.74,29.5,30
2024-11-01,,44.8,42,31.25,,27.51,32,36.13,40.33,29,45,36.43,27.33,21,36.4,31.5,43.71,45.23,29.02,40.42,,62,38.5,21,41.89,28,42.63,37,40,25.07,29.26,35.6,45.14,41.89,26.66,28.25,29.8
2024-11-02,,45.33,42,31.86,,27.81,32,35.6,41.33,29,,40,28.5,21,34.5,31.67,43.8,,28.66,40.26,,54,38.67,21,37.5,28,,36.5,,25,28.89,32,44.81,38.33,27.02,27,28.5
2024-11-03,,46.6,42,30.92,,27.42,32,37.14,40.67,29,47.5,35.67,29.25,21,30,31.33,43.84,45.14,28.61,39.58,40,54,38.67,21,41.89,28,42,37.5,43,24.87,28.88,35.6,45.1,41.6,26.89,25.67,30.1
2024-11-04,,44,43,32.11,,27,32,37.29,40.67,29,,38,28.67,22,29.5,31.47,43.97,45.15,28.16,38.32,,54,38,22,41.88,28,42.63,36.13,41,25.07,29.8,36,45.43,40,26.22,27.33,30.14
2024-11-05,,44.4,,32.38,,26.74,32,36,41.33,29,,36.4,28.33,22,28.5,31.44,43.85,,28.73,39.11,,54,38.14,22,40,28,43.29,37.44,41,24.79,30.14,35.6,45.14,41.5,25.61,23,30
2024-11-06,,44,45,32.42,,27.14,32,39.17,41.33,29,48,38.29,30,22,32.8,31.39,43.75,44.67,28.7,38.58,,62,38.3,22,42,28,43.29,37.25,45,25.2,29.15,35,45.69,42.7,26.09,27,30.1
2024-11-07,,43.8,45,33.54,,27.39,32,37.89,41.67,29,49,40.6,30.75,22,31,31.76,43.22,45,29.5,39.26,45,64,38.6,22,42.4,28,42.88,37.29,47,25.62,29.47,37.4,46.16,42.1,26.78,26.75,30.4
2024-12-01,,44.5,42,31.25,,27.58,32,36.86,40.33,29,45,35.75,28.75,21,36.4,31.5,43.75,45.36,28.87,40.53,,54,38.5,21,41.89,28,41.83,37.37,,25.07,29.56,35.6,44.74,41.7,26.73,28,29.11
2024-12-02,,45.4,42,31.25,,27.54,32,36.5,41.33,29,47,35.29,29.25,21,34,31.56,43.78,45.46,28.69,40.42,38,62,39.25,21,41.89,28,42.63,37,41,24.79,29.39,35.6,45.7,42.1,27.05,27.75,29.38
2024-12-03,,46.25,42,31.25,,27.28,32,36.33,40.67,29,47.5,35.43,30.67,21,30,31.39,43.84,45.21,28.71,39.47,40,62,38.67,21,41.89,28,42.5,37.4,43,24.8,29.18,35.5,45.59,41.4,26.8,27.5,30.1
2024-12-04,,44.2,43,31.5,,27,32,36.75,40.67,29,49,37.75,29.75,22,31.71,31.39,43.75,44.82,28.19,38.26,40,62,38.63,22,41.5,28,42.63,37.13,41,25,29.07,35.6,45.67,41.25,26.34,25,29.63
2024-12-05,,45.5,45,31.8,,26.78,32,37,41.33,29,,37.5,28.33,22,38,32.11,43.8,,28.19,39.11,,54,38,22,37.5,27,,35.8,41,25.08,30.38,32,45.59,41.5,25.58,23,28.83
2024-12-06,,44.4,45,32.67,,27.03,32,39.25,41.33,29,48,37.88,30,22,31.33,31.18,44,45.18,28.76,38.32,45,53,38.4,22,42,28,42.88,36.6,45,25.2,29.18,35.2,45.37,42.7,26.09,26.75,29.56
2024-12-07,,44.5,,33.23,,27.43,32,37.67,41.33,29,49,39.5,30.75,22,30.75,31.65,43.26,45.07,29.55,39.32,45,53,38.6,22,43.22,28,42.88,37.29,47,25.8,29.48,37.4,45.38,42.3,26.85,26.75,30.56
